-- phpMyAdmin SQL Dump
-- version 4.7.4
-- https://www.phpmyadmin.net/
--
-- Host: localhost:3306
-- Generation Time: Dec 31, 2017 at 02:49 AM
-- Server version: 5.7.19
-- PHP Version: 7.1.10

SET SQL_MODE = "NO_AUTO_VALUE_ON_ZERO";
SET AUTOCOMMIT = 0;
START TRANSACTION;
SET time_zone = "+00:00";


/*!40101 SET @OLD_CHARACTER_SET_CLIENT=@@CHARACTER_SET_CLIENT */;
/*!40101 SET @OLD_CHARACTER_SET_RESULTS=@@CHARACTER_SET_RESULTS */;
/*!40101 SET @OLD_COLLATION_CONNECTION=@@COLLATION_CONNECTION */;
/*!40101 SET NAMES utf8mb4 */;

--
-- Database: `travel final`
--

-- --------------------------------------------------------

--
-- Table structure for table `agencija`
--

CREATE TABLE `agencija` (
  `aID` int(11) NOT NULL,
  `ime` varchar(255) NOT NULL,
  `telefon` varchar(255) NOT NULL,
  `stranica` varchar(255) NOT NULL
) ENGINE=InnoDB DEFAULT CHARSET=utf8;

--
-- Dumping data for table `agencija`
--

INSERT INTO `agencija` (`aID`, `ime`, `telefon`, `stranica`) VALUES
(1, 'Centrotours', '+38733205481', 'www.centrotours.ba'),
(2, 'Biss-Tours', '+38732245451', 'www.biss-tours.ba'),
(3, 'Evropa tours Cazin', '+38761197121', 'https://www.facebook.com/Evropa.Tours.Cazin'),
(4, 'Vienna tour', '+38754859110', 'http://vienatour.co.ba'),
(5, 'Eurotours', '', ''),
(6, 'Gold', '+38732444960', 'http://www.zedoturizam.ba'),
(7, 'Bocac turs', '+38751215725', 'http://bocactours.com/'),
(8, 'Eme', '+387518216', 'https://www.bhbus.ba/'),
(9, 'Autoherc-export-import', '+38736806671', 'http://autoherc.info'),
(10, 'Globtour-d.o.o.-Medjugorje', '+38736651393', 'https://www.globtour.com/'),
(11, 'Jelinak', '+38763381504', 'http://www.jelinak.com/'),
(12, 'Kovac-bus', '+38734353019', ''),
(13, 'S.P.Lasta', '0800334334', 'http://lasta.rs/'),
(14, 'Toping-trade-ad', '+38752751339', 'http://www.topingtrade.com/'),
(15, 'Tourist-company', '+38766890490', 'http://touristcompany.ba/'),
(16, 'Unatransport', '+38737311939', 'http://www.unatransport.ba/'),
(17, 'Kantic-touristik', '+38732663555', 'http://www.kantic-touristik.com/'),
(18, 'Prevoz-putnika', 'https://prevozputnika.ba/', 'https://prevozputnika.ba'),
(19, 'Autoprevoz-bus', '+38736551900', 'http://www.autoprevoz.ba/'),
(20, 'Bosnaekspres', '+38732691375', 'http://www.bosnaexpres.ba/'),
(21, 'Neobas', '+38751223090 ', 'http://www.neobas.org/v2/'),
(22, 'Domuztrans', '+38751695112 ', 'http://www.domuztrans.com/'),
(23, 'Usora-turs', '+38763087211', 'https://www.facebook.com/UsoraTurs'),
(24, 'Sons', '+38757342493', ''),
(25, 'Drljic-prevoz', '+38765910251 ', 'https://www.facebook.com/drljicprevoz/'),
(26, 'Prevoz-golub', '+38751785326', 'prevozgolub@gmail.com'),
(27, 'Jugoprevoz-Gacko', '+38759472533', ' j.p.@teol.net'),
(28, 'Big-sim', '+38735630532', ''),
(29, 'Milinovic-d-o-o', '+38752308139', 'https://www.facebook.com/Milinovi%C4%87-Prijedor-596269620452156/'),
(30, 'Cackovic-turs', '+38761568653', 'https://www.facebook.com/cackovic.turs'),
(31, 'Green-d-o-o', '+38737775115', 'http://www.green.ba'),
(32, 'Kole-turs', '+38751226081', 'https://www.facebook.com/MaliDijamant/'),
(33, 'Aquarelle-Pilgrimage-d-o-o', '+38736650832\r\n', ''),
(34, 'Obols-trade', '+38762001475', 'http://www.obols.ba/'),
(35, 'Drina-trans', ' +38756260077', 'http://www.drinatrans.com/'),
(36, 'Euro-turist-Bugojno', '+38761198463', ''),
(37, 'Bozic-konig', '+38755225060', 'http://bozic-konig.com/'),
(38, 'Servistrans', '+38730206389 ', ''),
(39, 'Talija-Tuzla', '+38735256347', 'https://www.facebook.com/talijatuzla/'),
(40, 'Turisticka-agencija-Vidovic', '+38751490277', 'https://www.facebook.com/VidovicNBcompany/'),
(41, 'Eurotours-Bijeljina', '+38765625150', 'https://www.facebook.com/Eurotours-Bijeljina-286180688069419/'),
(42, 'Bundavica', '+38735361020', 'http://www.bundavica.com/'),
(43, 'Semberija-transport', '+38755250977', 'http://www.semberijatransport.com/'),
(44, 'Tera-trans', '+38735279160', 'https://www.facebook.com/teratranstuzla/'),
(45, 'Jelic-tours', '+38751663420', 'https://www.facebook.com/jelictours'),
(46, 'Kvim-company', '+38737689906', 'https://www.facebook.com/KvimCompanyDoo'),
(47, 'Express-Trans-Prnjavor', '+38751640440', 'http://express-trans.net/'),
(48, 'Top-tourist-company', '+38766890490', 'http://touristcompany.ba/'),
(49, 'Boksit-a-d', '+38756741067', 'http://www.ad-boksit.com/'),
(50, 'Ponjevic-tours', '+387061155297', 'https://www.facebook.com/Travel-Agency-Ponjevic-Tours-197209037124195/'),
(51, 'STP-Derventa', '+38765657289', 'http://www.stpderventa.com/'),
(52, 'Autoprevoz-ad-BanjaLuka', '+38751217111', 'http://www.neobas.org/ap1/'),
(53, 'Smiljic-d-o-o', '+38751218610', 'http://smiljic.com/'),
(54, 'Babic-Bisstours', '+38732245451', 'http://biss-tours.ba/'),
(55, 'MIX-Comerc', '+387220546', 'https://www.facebook.com/MIX-Comerc-733100560053445/'),
(56, 'Laguna-travel', '+38763799006', 'http://laguna-travel.com/'),
(57, 'Papalina', ' +387 33717310', 'http://www.papalina-sarajevo.eu/'),
(58, 'Cicko-Commerce', '+38734354564 ', 'http://www.cicko-tg.com/index.html'),
(59, 'Izan-trans', '+38737772613', 'http://izantrans.webs.com/'),
(60, 'Bosna-e&e-tours', '+38730514886', 'http://bosnatours.ba'),
(61, 'Prevoz-Vucic', '+38736552690', 'https://www.facebook.com/prevoz.vucic'),
(62, 'Zeno-tours', '+38735597452', 'https://www.facebook.com/zenotours'),
(63, 'Vidovic-NB-Company', '+38751490277', 'https://www.facebook.com/VidovicNBcompany/'),
(64, 'Europabus-ch', '+491728926835', 'https://www.facebook.com/EuropabusCh'),
(65, 'Mrdja-turs', '+38765589037', 'http://www.mrdjatours.com/'),
(66, 'Miskic-bus', '+38739706561', 'http://www.miskicbus.com/'),
(67, 'Golubic', '+38751785326', ''),
(68, 'Cetkalo-promet', '+38735290061', 'https://www.facebook.com/%C4%8Cektalo-promet'),
(69, 'Party-bus', '+38755258090', ''),
(70, 'Brisnik-bus-Tomislavgrad', '+38763330049', 'https://www.facebook.com/brisnikbus/'),
(71, 'Spell-tours', '+38749213102', 'http://spell-tours.com/'),
(72, 'Dzebic-trans', '+38737777873', 'https://www.facebook.com/DooDzebicTrans'),
(73, 'Almy-trans', '+38733221835', 'https://www.almytravel.ba/'),
(74, 'D-o-o-Cosmos-BosanskiSamac', '+38754643590', ''),
(75, 'Putnik-d-o-o-Bugojno', '+388761795614', ''),
(76, 'RD-prevoz', '+38749312383', 'https://www.facebook.com/RD-Prevoz-294465880991429/'),
(77, 'Centrotrans-eurolines', '+38733770800', 'http://www.eurolines.ba/'),
(78, 'Big-tours-BanjaLuka', ' +38751215598', 'www.bigtoursbl.com'),
(79, 'Probus-d.o.o.-Bihac', '+38737314378', ''),
(80, 'Hodzic-turist', '+38762449049', 'https://www.facebook.com/people/Hozic-Turist'),
(81, 'Ilidza-prevozi', '+38761877881', 'https://www.facebook.com/ilidzaprevozi/'),
(82, 'Balkan-ekspres', '+3875731000', 'http://balkanexpress-is.com/'),
(83, 'Transprom-Istocno-Sarajevo', '+38757375300', 'https://www.facebook.com/Transprom-Isto%C4%8Dno-Sarajevo-177325372468461/'),
(84, 'Trans tours ', '+38735317080', 'www.transturist.ba'),
(85, 'Turistik-Bihac', '+38737312611', ''),
(86, 'Muric-trans', '+38762424407 ', 'https://www.facebook.com/www.murictrans.bih.net.ba/'),
(87, 'Grand-tours', '+38733440111', 'https://grandtours.ba'),
(88, 'Trebava-Ekspres', '+38765330252', 'http://www.trebava-ekspres.com/'),
(89, 'Kompas', '+38733565600 ', 'http://www.kompas.ba/'),
(90, 'BHbus', '', ''),
(91, 'MB reisen A.T.', '+38765525158', ''),
(92, 'Damy-Tours', '+ 38733455350', 'http://damy-tours.com/');

-- --------------------------------------------------------

--
-- Table structure for table `autobus`
--

CREATE TABLE `autobus` (
  `bID` int(11) NOT NULL,
  `punjac` tinyint(4) NOT NULL,
  `internet` tinyint(4) NOT NULL,
  `hrana` tinyint(4) NOT NULL
) ENGINE=InnoDB DEFAULT CHARSET=utf8;

--
-- Dumping data for table `autobus`
--

INSERT INTO `autobus` (`bID`, `punjac`, `internet`, `hrana`) VALUES
(3, 0, 0, 0),
(4, 0, 0, 1),
(5, 0, 1, 0),
(6, 0, 1, 1),
(7, 1, 0, 0),
(8, 1, 0, 1),
(9, 1, 1, 0),
(10, 1, 1, 1);

-- --------------------------------------------------------

--
-- Table structure for table `relacija`
--

CREATE TABLE `relacija` (
  `rID` int(11) NOT NULL,
  `od` varchar(255) NOT NULL,
  `odLatLng` varchar(255) NOT NULL,
  `do` varchar(255) NOT NULL,
  `doLatLng` varchar(255) NOT NULL,
  `cijena` int(11) NOT NULL,
  `agencija` int(11) NOT NULL DEFAULT '1',
  `tipAutobusa` int(11) NOT NULL
) ENGINE=InnoDB DEFAULT CHARSET=utf8;

--
-- Dumping data for table `relacija`
--

INSERT INTO `relacija` (`rID`, `od`, `odLatLng`, `do`, `doLatLng`, `cijena`, `agencija`, `tipAutobusa`) VALUES
(3, 'BRATUNAC', '44.1859, 19.3326', 'MATTGHOFEN', '48.1066, 13.1487', 0, 68, 1),
(4, 'BIHAc', '44.8167, 15.8667', 'BREGENZ', '47.5008, 9.7423', 0, 3, 0),
(6, 'LONcARI', '44.9408, 18.6856', 'VISP ', '46.2947, 7.8821', 0, 5, 0),
(7, 'SARAJEVO', '43.84864, 18.3564', 'YVERDON', '46.7784, 6.6411', 0, 6, 0),
(8, 'TRAVNIK', '44.2223, 17.6651', 'MAKARSKA', '43.2937, 17.0215', 0, 8, 0),
(9, 'MOSTAR', '43.34235, 17.8128', 'IMOTSKI', '43.4471, 17.214', 0, 9, 0),
(10, 'LJUBUsKI ', '43.2, 17.55', 'PLOcE', '43.0563, 17.431', 0, 9, 0),
(11, 'MOSTAR', '43.34235, 17.8128', 'IMOTSKI', '43.4471, 17.214', 0, 9, 0),
(12, 'MOSTAR', '43.34235, 17.8128', 'IMOTSKI', '43.4471, 17.214', 0, 9, 0),
(13, 'sIPOVO', '44.2837, 17.0878', 'MAKARSKA', '43.2937, 17.0215', 0, 7, 0),
(14, 'SARAJEVO', '43.84864, 18.3564', 'VINKOVCI', '45.2879, 18.8057', 0, 10, 0),
(15, 'NOVI TRAVNIK', '44.1667, 17.65', 'PULA', '44.8697, 13.8414', 0, 11, 0),
(16, 'ZENICA', '44.2, 17.9333', 'RIJEKA', '45.3285, 14.4364', 0, 11, 0),
(17, 'ZENICA', '44.2, 17.9333', 'ZAGREB', '45.8149, 15.9785', 0, 11, 0),
(18, 'zEPcE', '44.4264, 18.0374', 'IVANIc GRAD', '45.7071, 16.396', 0, 11, 0),
(19, 'DOBOJ', '44.7408, 18.093', 'MAKARSKA', '43.2937, 17.0215', 0, 11, 0),
(20, 'DOBOJ', '44.7408, 18.093', 'OMIs', '43.4434, 16.6929', 0, 11, 0),
(21, 'DOBOJ', '44.7408, 18.093', 'ZADAR', '44.1149, 15.229', 0, 11, 0),
(22, 'TUZLA', '44.5328, 18.6705', 'ZADAR', '44.1149, 15.229', 0, 11, 0),
(23, 'PROZOR/RAMA', '43.82, 17.61', 'NOVA GRADIsKA', '45.2581, 17.3839', 0, 11, 0),
(24, 'TUZLA', '44.5328, 18.6705', 'NOVA GRADIsKA', '45.2581, 17.3839', 0, 11, 0),
(25, 'GORNJI VAKUF/ USKOPLJE', '43.9375, 17.588', 'SPLIT', '43.5081, 16.4402', 0, 12, 0),
(26, 'LIVNO', '43.8264, 17.0104', 'MAKARSKA', '43.2937, 17.0215', 0, 12, 0),
(27, 'BUGOJNO', '44.0536, 17.4374', 'MAKARSKA', '43.2937, 17.0215', 0, 13, 0),
(28, 'TREBINJE', '42.7112, 18.3425', 'DUBROVNIK', '42.6419, 18.1065', 0, 13, 0),
(29, 'KLJUc', '44.534, 16.7747', 'RIJEKA', '45.3285, 14.4364', 0, 14, 0),
(30, 'BANJA LUKA', '44.7722, 17.191', 'ZADAR', '44.1149, 15.229', 0, 15, 0),
(31, 'BIHAc', '44.8167, 15.8667', 'ZAGREB', '45.8149, 15.9785', 0, 16, 0),
(32, 'BIHAc', '44.8167, 15.8667', 'ZAGREB', '45.8149, 15.9785', 0, 16, 0),
(33, 'BIHAc', '44.8167, 15.8667', 'CRIKVENICA', '45.1736, 14.6915', 0, 16, 0),
(34, 'SARAJEVO', '43.84864, 18.3564', 'MILANO', '45.4654, 9.1859', 0, 17, 9),
(35, 'SARAJEVO', '43.84864, 18.3564', 'PIACENZA', '45.0474, 9.6866', 148, 18, 4),
(38, 'BIHAc', '44.8167, 15.8667', 'BREGENZ', '47.5008, 9.7423', 0, 3, 0),
(39, 'MOSTAR', '43.34235, 17.8128', 'ROMA', '41.9028, 12.4964', 0, 19, 0),
(40, 'ZVORNIK', '44.3918, 19.1056', 'VICENZA', '45.5454, 11.5354', 0, 20, 0),
(41, 'TESLIc', '44.6019, 17.8514', 'MILANO', '45.4654, 9.1859', 0, 21, 0),
(42, 'TESLIc', '44.6019, 17.8514', 'TRENTO', '46.0701, 46.0701', 0, 22, 0),
(43, 'MOSTAR', '43.34235, 17.8128', 'KOTOR', '42.4188, 18.7675', 0, 10, 0),
(44, 'cAPLJINA', '43.1125, 17.7146', 'NOVI SAD', '45.2622, 19.8519', 0, 10, 0),
(45, 'cAPLJINA', '43.1125, 17.7146', 'NOVI SAD', '45.2622, 19.8519', 0, 10, 0),
(46, 'ZVORNIK', '44.3918, 19.1056', 'MARIBOR', '46.5546, 15.6458', 0, 23, 0),
(47, 'MOSTAR', '43.34235, 17.8128', 'KOTOR', '42.4188, 18.7675', 0, 10, 0),
(48, 'PALE', '43.8167, 18.5667', 'HERCEG NOVI', '42.453, 18.5314', 0, 24, 0),
(49, 'DOBOJ', '44.7408, 18.093', 'BUDVA', '42.2881, 18.8425', 0, 20, 0),
(50, 'DOBOJ', '44.7408, 18.093', 'BUDVA', '42.2881, 18.8425', 0, 20, 0),
(51, 'DOBOJ', '44.7408, 18.093', 'BUDVA', '42.2881, 18.8425', 0, 20, 0),
(52, 'PRNJAVOR', '44.8667, 17.65', 'HERCEG NOVI', '42.453, 18.5314', 0, 78, 0),
(53, 'BOSANSKA GRADIsKA', '45.1421, 17.2529', 'BUDVA', '42.2881, 18.8425', 0, 78, 0),
(54, 'SARAJEVO', '43.84864, 18.3564', 'GUSINJE', '42.5619, 19.8339', 0, 77, 10),
(55, 'BANJA LUKA', '44.7722, 17.191', 'BUDVA', '42.2881, 18.8425', 0, 22, 0),
(56, 'BIJELJINA ', '44.75, 19.2167', 'HERCEG NOVI', '42.453, 18.5314', 0, 21, 0),
(57, 'MODRIcA', '44.9567, 18.2984', 'HERCEG NOVI', '42.453, 18.5314', 0, 4, 0),
(58, 'KLJUc', '44.534, 16.7747', 'KRANJSKA GORA', '46.4854, 13.7871', 0, 14, 0),
(59, 'SANSKI MOST', '44.7667, 16.6667', 'KRANJSKA GORA', '46.4854, 13.7871', 80, 15, 0),
(60, 'sIPOVO', '44.2837, 17.0878', 'HERCEG NOVI', '42.453, 18.5314', 0, 7, 0),
(61, 'TREBINJE', '42.7112, 18.3425', 'BAR', '42.1, 19.1', 0, 7, 0),
(62, 'BANJA LUKA', '44.7722, 17.191', 'NOVI SAD', '45.2622, 19.8519', 0, 7, 8),
(63, 'SARAJEVO', '43.84864, 18.3564', 'ULCINJ', '41.9297, 19.22438', 0, 77, 10),
(64, 'TREBINJE', '42.7112, 18.3425', 'VALJEVO', '44.2744, 19.8911', 0, 13, 0),
(65, 'BANJA LUKA', '44.7722, 17.191', 'NOVI SAD', '45.2622, 19.8519', 0, 29, 0),
(66, 'MOSTAR', '43.34235, 17.8128', 'ISTAMBUL', '41.0053, 28.977', 0, 19, 0),
(67, 'cAPLJINA', '43.1125, 17.7146', 'BEOGRAD', '44.8206, 20.4622', 0, 19, 0),
(68, 'cAPLJINA', '43.1125, 17.7146', 'BEOGRAD', '44.8206, 20.4622', 0, 19, 0),
(69, 'cAPLJINA', '43.1125, 17.7146', 'BEOGRAD', '44.8206, 20.4622', 0, 19, 0),
(70, 'cAPLJINA', '43.1125, 17.7146', 'NOVI SAD', '45.2622, 19.8519', 0, 19, 0),
(71, 'cAPLJINA', '43.1125, 17.7146', 'NOVI SAD', '45.2622, 19.8519', 0, 19, 0),
(72, 'cAPLJINA', '43.1125, 17.7146', 'NOVI SAD', '45.2622, 19.8519', 0, 19, 0),
(73, 'TREBINJE', '42.7112, 18.3425', 'NOVI SAD', '45.2622, 19.8519', 0, 27, 0),
(74, 'TREBINJE', '42.7112, 18.3425', 'NOVI SAD', '45.2622, 19.8519', 0, 27, 0),
(75, 'TREBINJE', '42.7112, 18.3425', 'NOVI SAD', '45.2622, 19.8519', 0, 27, 0),
(76, 'TREBINJE', '42.7112, 18.3425', 'NOVI SAD', '45.2622, 19.8519', 0, 27, 0),
(77, 'MOSTAR', '43.34235, 17.8128', 'NOVI SAD', '45.2622, 19.8519', 0, 27, 0),
(78, 'LJUBINJE', '42.9415, 18.0838', 'UDDEVALLA', '48.3316, 16.0607', 0, 48, 0),
(79, 'DOBOJ ISTOK', '44.7311, 18.1911', 'RIJEKA', '45.3285, 14.4364', 0, 20, 0),
(80, 'TESLIc', '44.6019, 17.8514', 'RIJEKA', '45.3285, 14.4364', 0, 20, 0),
(81, 'BIJELJINA ', '44.75, 19.2167', 'HERCEG NOVI', '42.453, 18.5314', 0, 21, 0),
(82, 'ZVORNIK', '44.3918, 19.1056', 'LJUBLJANA', '46.0514, 14.506', 0, 20, 0),
(83, 'PRNJAVOR', '44.8667, 17.65', 'VELENJE', '46.3623, 15.1107', 0, 20, 0),
(84, 'BANJA LUKA', '44.7722, 17.191', 'BEOGRAD', '44.8206, 20.4622', 0, 29, 0),
(85, 'KOTOR VAROs', '44.6335, 17.3663', 'BEOGRAD', '44.8206, 20.4622', 0, 26, 0),
(86, 'SARAJEVO', '43.84864, 18.3564', 'NOVA GRADIsKA', '45.2581, 17.3839', 0, 11, 0),
(89, 'BIHAc', '44.8167, 15.8667', 'OBERHAUSEN', '51.4965, 6.8515', 0, 79, 0),
(90, 'MOSTAR', '43.34235, 17.8128', 'SPLIT', '43.5081, 16.4402', 0, 10, 0),
(91, 'ZVORNIK', '44.3918, 19.1056', 'BREGENZ', '47.5008, 9.7423', 0, 28, 0),
(92, 'BIJELJINA', '44.75, 19.2167', 'SANKT POLTEN', '48.2035, 15.6382', 0, 30, 0),
(93, 'BIHAc', '44.8167, 15.8667', 'SALZBURG', '47.8095, 13.055', 0, 31, 0),
(94, 'TESLIC', '44.6019, 17.8514', 'TULLN', '48.3316, 16.0607', 0, 23, 0),
(95, 'TESLIC', '44.6019, 17.8514', 'TULLN', '48.3316, 16.0607', 0, 23, 0),
(96, 'SARAJEVO', '43.84864, 18.3564', 'DURRES', '41.3271, 19.4543', 0, 77, 10),
(97, 'TESLIc', '44.6019, 17.8514', 'BASEL', '47.5574, 7.5926', 0, 21, 0),
(98, 'MOSTAR', '43.34235, 17.8128', 'PRAG', '50.0755, 14.4378', 0, 77, 10),
(99, 'SARAJEVO', '43.84864, 18.3564', 'PRAG', '50.0755, 14.4378', 0, 77, 10),
(100, 'SARAJEVO', '43.84864, 18.3564', 'BARCELONA', '41.3879, 2.1699', 0, 77, 10),
(101, 'SARAJEVO', '43.84864, 18.3564', 'CLERMONT FERRAND', '45.7772, 3.087', 0, 77, 10),
(102, 'KONJIC', '43.6545, 17.9667', 'ZAGREB', '45.8149, 15.9785', 0, 77, 10),
(103, 'BANJA LUKA', '44.7722, 17.191', 'SPLIT', '43.5081, 16.4402', 0, 32, 0),
(104, 'NOVI GRAD/ BOSANSKI NOVI', '45.0455, 16.3845', 'ZAGREB', '45.8149, 15.9785', 0, 14, 0),
(105, 'PRIJEDOR', '44.979, 16.7037', 'PULA', '44.8697, 13.8414', 0, 14, 0),
(106, 'BANJA LUKA', '44.7722, 17.191', 'ZAGREB', '45.8149, 15.9785', 0, 14, 0),
(107, 'BANJA LUKA', '44.7722, 17.191', 'ZAGREB', '45.8149, 15.9785', 0, 14, 0),
(108, 'BANJA LUKA', '44.7722, 17.191', 'ZAGREB', '45.8149, 15.9785', 0, 14, 0),
(109, 'NOVI GRAD/ BOSANSKI NOVI', '45.0455, 16.3845', 'UMAG', '45.4331, 13.5202', 0, 14, 0),
(110, 'PRNJAVOR', '44.8667, 17.65', 'BOLZANO', '46.4982, 11.3547', 0, 23, 0),
(111, 'ZVORNIK', '44.3918, 19.1056', 'LUXEMBOURG CITY', '49.8153, 6.1296', 0, 28, 0),
(112, 'TREBINJE', '42.7112, 18.3425', 'GOTERBORG', '57.7089, 11.9746', 0, 48, 0),
(113, 'BIHAc', '44.8167, 15.8667', 'LINZ', '48.3069, 14.2858', 0, 3, 0),
(114, 'ZVORNIK', '44.3918, 19.1056', 'LAUSANNE', '46.52, 6.6336', 0, 28, 0),
(115, 'GORAzDE', '43.6685, 18.9749', 'KAMP LINTFORT', '51.4958, 6.5321', 0, 28, 0),
(116, 'BANJA LUKA', '44.7722, 17.191', 'IGALO', '42.4553, 18.5072', 0, 26, 0),
(117, 'BIJELJINA', '44.75, 19.2167', 'FREDERIKSHAVN', '57.4427, 10.521', 0, 48, 0),
(118, 'KALESIJA', '44.4388, 18.9124', 'RIED', '48.2127, 13.4927', 0, 28, 0),
(119, 'TESLIc', '44.6019, 17.8514', 'LAUSANNE', '46.52, 6.6336', 0, 23, 0),
(120, 'ZVORNIK', '44.3918, 19.1056', 'BERLIN', '52.5243, 13.4063', 0, 28, 0),
(121, 'VAREs ', '44.1498, 18.3285', 'ULM', '48.4043, 9.9793', 0, 23, 0),
(122, 'MOSTAR', '43.34235, 17.8128', 'SPLIT', '43.5081, 16.4402', 0, 33, 0),
(123, 'SARAJEVO', '43.84864, 18.3564', 'MILANO', '45.4654, 9.1859', 0, 77, 10),
(124, 'SARAJEVO', '43.84864, 18.3564', 'MILANO', '45.4654, 9.1859', 0, 77, 10),
(125, 'KALESIJA', '44.4388, 18.9124', 'COMO', '45.7772, 3.087', 0, 6, 0),
(127, 'SREBRENICA', '44.1114, 19.3155', 'LUXEMBOURG', '49.8153, 6.1296', 0, 6, 0),
(129, 'SARAJEVO', '43.84864, 18.3564', 'PODGORICA', '42.4426, 19.2686', 0, 77, 10),
(130, 'SREBRENICA', '44.1114, 19.3155', 'AMSTERDAM', '52.3702, 4.8952', 0, 68, 0),
(131, 'SANSKI MOST', '44.7667, 16.6667', 'AMSTERDAM', '52.3702, 4.8952', 0, 79, 0),
(132, 'BIHAc', '44.8167, 15.8667', 'AMSTERDAM', '52.3702, 4.8952', 0, 79, 0),
(133, 'SARAJEVO', '43.84864, 18.3564', 'BRATISLAVA', '48.1462, 17.1073', 0, 77, 10),
(134, 'SARAJEVO', '43.84864, 18.3564', 'BRATISLAVA', '48.1462, 17.1073', 0, 77, 10),
(135, 'SARAJEVO', '43.84864, 18.3564', 'MILANO', '45.4654, 9.1859', 0, 23, 0),
(136, 'VLASENICA', '44.1796, 18.9448', 'RIED IM INNKREIS', '48.2127, 13.4927', 0, 34, 0),
(137, 'DOBOJ', '44.7408, 18.093', 'NOVI SAD', '45.2622, 19.8519', 0, 20, 0),
(138, 'BANJA LUKA', '44.7722, 17.191', 'ZADAR', '44.1149, 15.229', 0, 15, 0),
(139, 'TESLIc', '44.6019, 17.8514', 'BEOGRAD', '44.8206, 20.4622', 0, 35, 0),
(140, 'BANJA LUKA', '44.7722, 17.191', 'NOVI SAD', '45.2622, 19.8519', 0, 21, 0),
(141, 'BANJA LUKA', '44.7722, 17.191', 'NOVI SAD', '45.2622, 19.8519', 0, 21, 0),
(142, 'MEdjUGORJE', '43.2, 17.6833', 'ZAGREB', '45.8149, 15.9785', 0, 10, 0),
(143, 'ZVORNIK', '44.3918, 19.1056', 'WIEN', '48.2082, 16.3738', 0, 1, 10),
(144, 'SARAJEVO', '43.84864, 18.3564', 'BREGENZ', '47.5008, 9.7423', 0, 17, 9),
(145, 'SARAJEVO', '43.84864, 18.3564', 'WIEN', '48.2082, 16.3738', 0, 17, 9),
(146, 'BIHAc', '44.8167, 15.8667', 'SALZBURG', '47.8095, 13.055', 0, 31, 0),
(147, 'GORNJI VAKUF ', '43.9375, 17.588', 'LINZ', '48.3069, 14.2858', 0, 36, 0),
(148, 'BIJELJINA', '44.75, 19.2167', 'BERN', '46.9479, 7.4446', 0, 21, 0),
(149, 'MEdjUGORJE', '43.2, 17.6833', 'ISTAMBUL', '41.0053, 28.977', 0, 10, 0),
(150, 'MEdjUGORJE', '43.2, 17.6833', 'ISTAMBUL', '41.0053, 28.977', 0, 10, 0),
(151, 'SARAJEVO', '43.84864, 18.3564', 'WIEN', '48.2082, 16.3738', 0, 77, 10),
(152, 'SARAJEVO', '43.84864, 18.3564', 'WIEN', '48.2082, 16.3738', 0, 77, 10),
(153, 'SARAJEVO', '43.84864, 18.3564', 'WIEN', '48.2082, 16.3738', 0, 77, 10),
(154, 'BIHAc', '44.8167, 15.8667', 'LINZ', '48.3069, 14.2858', 0, 3, 0),
(155, 'BIHAc', '44.8167, 15.8667', 'LINZ', '48.3069, 14.2858', 0, 80, 0),
(156, 'BIHAc', '44.8167, 15.8667', 'LINZ', '48.3069, 14.2858', 0, 81, 0),
(157, 'GORNJI VAKUF', '43.9375, 17.588', 'WIEN', '48.2082, 16.3738', 0, 38, 0),
(158, 'GORNJI VAKUF', '43.9375, 17.588', 'WIEN', '48.2082, 16.3738', 0, 38, 0),
(159, 'GORNJI VAKUF', '43.9375, 17.588', 'WIEN', '48.2082, 16.3738', 0, 38, 0),
(160, 'LUKAVAC', '44.5391, 18.4773', 'WIEN', '48.2082, 16.3738', 0, 39, 0),
(161, 'TEOcAK', '44.6025, 18.9845', 'WIEN', '48.2082, 16.3738', 0, 39, 0),
(162, 'TESLIc', '44.6019, 17.8514', 'HALLEIN', '47.6825, 13.1004', 0, 40, 0),
(163, 'TESLIc', '44.6019, 17.8514', 'ENNS', '48.2131, 14.4752', 0, 40, 0),
(164, 'sIPOVO', '44.2837, 17.0878', 'WIEN', '48.2082, 16.3738', 0, 40, 0),
(165, 'LONcARI', '44.9408, 18.6856', 'VISP ', '46.2947, 7.8821', 0, 5, 0),
(166, 'TUZLA', '44.5328, 18.6705', 'WIEN', '48.2082, 16.3738', 0, 42, 0),
(167, 'DOBOJ', '44.7408, 18.093', 'VICENZA', '45.5454, 11.5354', 0, 20, 0),
(168, 'ZVORNIK', '44.3918, 19.1056', 'VICENZA', '45.5454, 11.5354', 0, 20, 0),
(169, 'TUZLA', '44.5328, 18.6705', 'ULCINJ', '41.9297, 19.22438', 0, 6, 0),
(170, 'ZVORNIK', '44.3918, 19.1056', 'WIEN', '48.2082, 16.3738', 0, 43, 0),
(171, 'BANJA LUKA', '44.7722, 17.191', 'WIEN', '48.2082, 16.3738', 0, 7, 0),
(172, 'ZAVIDOVIcI', '44.4437, 18.1451', 'WIEN', '48.2082, 16.3738', 0, 44, 0),
(173, 'ZAVIDOVIcI', '44.4437, 18.1451', 'WIEN', '48.2082, 16.3738', 0, 44, 0),
(175, 'BIJELJINA', '44.75, 19.2167', 'MODLING', '48.0826, 16.2869', 0, 4, 0),
(177, 'ZVORNIK', '44.3918, 19.1056', 'HALLEIN', '47.6825, 13.1004', 0, 30, 0),
(178, 'DERVENTA', '44.9809, 17.9095', 'ST.GALLEN', '47.4241, 9.3709', 0, 45, 0),
(179, 'SARAJEVO', '43.84864, 18.3564', 'ST.GALLEN', '47.4241, 9.3709', 0, 17, 9),
(180, 'BANJA LUKA ', '44.7722, 17.191', 'BASEL', '47.5574, 7.5926', 0, 40, 0),
(181, 'SARAJEVO', '43.84864, 18.3564', 'ANTWERPEN', '51.2192, 4.4029', 0, 17, 9),
(182, 'KLJUc', '44.534, 16.7747', 'HAMM', '51.6739, 7.816', 0, 46, 0),
(183, 'SANSKI MOST', '44.7667, 16.6667', 'HAMM', '51.6739, 7.816', 0, 79, 0),
(184, 'KALESIJA', '44.4388, 18.9124', 'LAUSANNE', '46.52, 6.6336', 0, 6, 0),
(185, 'SARAJEVO', '43.84864, 18.3564', 'BASEL', '47.5574, 7.5926', 0, 18, 4),
(186, 'VITEZ', '44.4437, 18.1451', 'LAUSANNE', '46.52, 6.6336', 0, 23, 0),
(187, 'KALESIJA', '44.4388, 18.9124', 'LUZERN', '47.0503, 8.3156', 0, 28, 0),
(188, 'ZVORNIK', '44.3918, 19.1056', 'AACHEN', '50.7733, 6.1021', 0, 28, 0),
(189, 'ZVORNIK', '44.3918, 19.1056', 'AACHEN', '50.7733, 6.1021', 0, 28, 0),
(190, 'ZVORNIK', '44.3918, 19.1056', 'BERLIN', '52.5243, 13.4063', 0, 28, 0),
(191, 'SARAJEVO', '43.84864, 18.3564', 'BREMEN', '53.0848, 8.8208', 0, 77, 10),
(192, 'SARAJEVO', '43.84864, 18.3564', 'BREMEN', '53.0848, 8.8208', 0, 77, 10),
(193, 'SARAJEVO', '43.84864, 18.3564', 'FRANKFURT AM MAIN', '50.1109, 8.6821', 0, 77, 10),
(194, 'SARAJEVO', '43.84864, 18.3564', 'DORTMUND', '51.5136, 7.4653', 0, 77, 10),
(195, 'SARAJEVO', '43.84864, 18.3564', 'HAMBURG', '53.5569, 9.9946', 0, 17, 9),
(196, 'SARAJEVO', '43.84864, 18.3564', 'FRANKFURT AM MAIN', '50.1109, 8.6821', 0, 17, 9),
(197, 'SARAJEVO', '43.84864, 18.3564', 'BERLIN', '52.5243, 13.4063', 0, 17, 9),
(198, 'DOBOJ', '44.7408, 18.093', 'WIESBADEN', '50.0631, 8.2433', 0, 47, 0),
(199, 'PRNJAVOR', '44.8667, 17.65', 'WIESBADEN', '50.0631, 8.2433', 0, 47, 0),
(200, 'PRNJAVOR', '44.8667, 17.65', 'WIESBADEN', '50.0631, 8.2433', 0, 47, 0),
(201, 'DOBOJ', '44.7408, 18.093', 'FRANKFURT', '50.1109, 8.6821', 0, 21, 0),
(202, 'KLJUc', '44.534, 16.7747', 'HAMM', '51.6739, 7.816', 0, 79, 0),
(203, 'KLJUc', '44.534, 16.7747', 'HAMM', '51.6739, 7.816', 0, 79, 0),
(204, 'BIHAc', '44.8167, 15.8667', 'AALBORG', '57.0288, 9.9178', 0, 48, 0),
(205, 'SARAJEVO', '43.84864, 18.3564', 'CALW', '48.7122107, 8.7472439', 0, 17, 9),
(206, 'ZENICA', '44.2, 17.9333', 'ZURICH', '47.3686, 8.5392', 0, 6, 0),
(207, 'ZVORNIK', '44.3918, 19.1056', 'AUGSBURG', '48.3418, 10.8679', 0, 17, 9),
(208, 'MILIcI', '44.1686, 19.0996', 'BASEL', '47.5574, 7.5926', 0, 1, 10),
(209, 'ZVORNIK', '44.3918, 19.1056', 'LAUSANNE', '46.52, 6.6336', 0, 28, 0),
(210, 'TUZLA', '44.5328, 18.6705', 'BERLIN', '52.5243, 13.4063', 0, 1, 10),
(211, 'ZVORNIK', '44.3918, 19.1056', 'WIEN', '48.2082, 16.3738', 0, 43, 0),
(212, 'ZVORNIK', '44.3918, 19.1056', 'SALZBURG', '47.8095, 13.055', 0, 35, 0),
(213, 'BIHAc', '44.8167, 15.8667', 'BREGENZ', '47.5008, 9.7423', 0, 50, 0),
(214, 'SANSKI MOST', '44.7667, 16.6667', 'LINZ', '48.3069, 14.2858', 0, 79, 0),
(217, 'BANJA LUKA', '44.7722, 17.191', 'BEOGRAD', '44.8206, 20.4622', 0, 26, 0),
(218, 'SARAJEVO', '43.84864, 18.3564', 'BASEL', '47.5574, 7.5926', 0, 17, 9),
(219, 'SARAJEVO', '43.84864, 18.3564', 'SPLIT', '43.5081, 16.4402', 0, 10, 0),
(220, 'sIPOVO ', '44.2837, 17.0878', 'MAKARSKA', '43.2937, 17.0215', 0, 7, 0),
(221, 'BANJA LUKA', '44.7722, 17.191', 'MAKARSKA', '43.2937, 17.0215', 0, 7, 0),
(222, 'BANJA LUKA', '44.7722, 17.191', 'MAKARSKA', '43.2937, 17.0215', 0, 7, 0),
(223, 'PRIJEDOR', '44.979, 16.7037', 'MAKARSKA', '43.2937, 17.0215', 0, 7, 0),
(224, 'DOBOJ', '44.7408, 18.093', 'MAKARSKA', '43.2937, 17.0215', 0, 20, 0),
(225, 'SARAJEVO', '43.84864, 18.3564', 'PULA', '44.8697, 13.8414', 0, 77, 10),
(226, 'SARAJEVO', '43.84864, 18.3564', 'PULA', '44.8697, 13.8414', 0, 77, 10),
(227, 'TRAVNIK', '44.2223, 17.6651', 'MAKARSKA', '43.2937, 17.0215', 0, 8, 0),
(228, 'DONJI VAKUF', '44.1441, 17.401', 'ZAGREB', '45.8149, 15.9785', 0, 10, 0),
(229, 'TOMISLAVGRAD', '43.7187, 17.2236', 'ZAGREB', '45.8149, 15.9785', 0, 10, 0),
(230, 'TOMISLAVGRAD', '43.7187, 17.2236', 'SPLIT', '43.5081, 16.4402', 0, 10, 0),
(231, 'TOMISLAVGRAD', '43.7187, 17.2236', 'SPLIT', '43.5081, 16.4402', 0, 10, 0),
(232, 'TOMISLAVGRAD', '43.7187, 17.2236', 'ZADAR', '44.1149, 15.229', 0, 10, 0),
(233, 'TOMISLAVGRAD', '43.7187, 17.2236', 'ZAGREB', '45.8149, 15.9785', 0, 10, 0),
(234, 'CAZIN', '44.9667, 15.9333', 'ZADAR', '44.1149, 15.229', 0, 81, 0),
(235, 'DOBOJ', '44.7408, 18.093', 'MAKARSKA', '43.2937, 17.0215', 0, 11, 0),
(236, 'DOBOJ', '44.7408, 18.093', 'MAKARSKA', '43.2937, 17.0215', 0, 11, 0),
(237, 'BIJELJINA', '44.75, 19.2167', 'NOVA GRADIsKA', '45.2581, 17.3839', 0, 11, 0),
(238, 'BANJA LUKA', '44.7722, 17.191', 'SPLIT', '43.5081, 16.4402', 0, 32, 0),
(239, 'GRADIsKA', '45.1421, 17.2529', 'SPLIT', '43.5081, 16.4402', 0, 13, 0),
(240, 'ZVORNIK', '44.3918, 19.1056', 'LUXEMBURG', '49.8153, 6.1296', 0, 17, 9),
(241, 'SARAJEVO', '43.84864, 18.3564', 'BRUSELLES', '50.8503, 4.3517', 0, 6, 0),
(242, 'ZVORNIK', '44.3918, 19.1056', 'BREGENZ', '47.5008, 9.7423', 0, 28, 0),
(243, 'ZVORNIK', '44.3918, 19.1056', 'BERLIN', '52.5243, 13.4063', 0, 28, 0),
(244, 'SARAJEVO', '43.84864, 18.3564', 'DORTMUND', '51.5136, 7.4653', 0, 17, 9),
(245, 'TREBINJE', '42.7112, 18.3425', 'HERCEG NOVI', '42.453, 18.5314', 0, 27, 0),
(246, 'sIPOVO', '44.2837, 17.0878', 'HERCEG NOVI', '42.453, 18.5314', 0, 7, 0),
(247, 'MRKONJIc GRAD', '44.4167, 17.0833', 'HERCEG NOVI', '42.453, 18.5314', 0, 7, 0),
(248, 'sIPOVO', '44.2837, 17.0878', 'HERCEG NOVI', '42.453, 18.5314', 0, 7, 0),
(249, 'TREBINJE', '42.7112, 18.3425', 'BAR', '42.1, 19.1', 0, 7, 0),
(250, 'DOBOJ', '44.7408, 18.093', 'ULCINJ', '41.9297, 19.22438', 0, 21, 0),
(251, 'BOSANSKI BROD', '45.1333, 17.9833', 'BAR', '42.1, 19.1', 0, 51, 0),
(252, 'BOSANSKI BROD', '45.1333, 17.9833', 'BAR', '42.1, 19.1', 0, 51, 0),
(253, 'BROD/BOSANSKI BROD', '45.1333, 17.9833', 'ROTTERDAM', '51.9242, 4.4818', 0, 6, 0),
(254, 'KALESIJA', '44.4388, 18.9124', 'ROTTERDAM', '51.9242, 4.4818', 0, 6, 0),
(255, 'SARAJEVO', '43.84864, 18.3564', 'AMSTERDAM', '52.3702, 4.8952', 0, 17, 9),
(256, 'SARAJEVO', '43.84864, 18.3564', 'AMSTERDAM', '52.3702, 4.8952', 0, 17, 9),
(257, 'SARAJEVO', '43.84864, 18.3564', 'STOCKHOLM', '59.3289, 18.0649', 0, 54, 5),
(258, 'GORNJI VAKUF', '43.9375, 17.588', 'LINZ', '48.3069, 14.2858', 0, 80, 0),
(259, 'GORNJI VAKUF', '43.9375, 17.588', 'LINZ', '48.3069, 14.2858', 0, 80, 0),
(260, 'SANSKI MOST', '44.7667, 16.6667', 'LINZ', '48.3069, 14.2858', 0, 79, 0),
(261, 'VITEZ', '44.4437, 18.1451', 'LINZ', '48.3069, 14.2858', 0, 84, 0),
(262, 'SARAJEVO', '43.84864, 18.3564', 'BRUSSEL', '50.8503, 4.3517', 0, 6, 0),
(263, 'BANJA LUKA', '44.7722, 17.191', 'NIs', '48.1448, 11.558', 0, 52, 0),
(264, 'ZENICA', '44.2, 17.9333', 'VELENJE', '46.3623, 15.1107', 0, 20, 0),
(265, 'BANJA LUKA', '44.7722, 17.191', 'KRANJ', '46.2428, 14.3555', 0, 14, 0),
(266, 'TESLIc', '44.6019, 17.8514', 'VELENJE', '46.3623, 15.1107', 0, 20, 0),
(267, 'ZVORNIK', '44.3918, 19.1056', 'CELJE', '46.231, 15.2603', 0, 43, 0),
(268, 'VITEZ', '44.4437, 18.1451', 'PTUJ', '46.4199, 15.8696', 0, 54, 5),
(269, 'SANSKI MOST', '44.7667, 16.6667', 'KRANJSKA GORA', '46.4854, 13.7871', 0, 15, 0),
(270, 'SANSKI MOST', '44.7667, 16.6667', 'KRANJSKA GORA', '46.4854, 13.7871', 0, 15, 0),
(271, 'zIVINICE', '44.4466, 18.651', 'VELENJE', '46.3623, 15.1107', 0, 23, 0),
(272, 'ISTOcNO SARAJEVO', '43.7969, 18.4253', 'HERCEG NOVI', '42.453, 18.5314', 0, 82, 0),
(273, 'ISTOcNO SARAJEVO', '43.7969, 18.4253', 'PODGORICA', '42.4426, 19.2686', 0, 83, 0),
(274, 'KALESIJA', '44.4388, 18.9124', 'LUZERN', '47.0503, 8.3156', 0, 28, 0),
(275, 'ZVORNIK', '44.3918, 19.1056', 'LUXEMBURG', '49.8153, 6.1296', 0, 17, 9),
(276, 'GORNJI VAKUF', '43.9375, 17.588', 'SALZBURG', '47.8095, 13.055', 0, 84, 0),
(277, 'TUZLA', '44.5328, 18.6705', 'ULCINJ', '41.9297, 19.22438', 0, 6, 0),
(278, 'MOSTAR', '43.34235, 17.8128', 'NOVI SAD', '45.2622, 19.8519', 0, 27, 0),
(279, 'GRADIsKA', '45.1421, 17.2529', 'BEOGRAD', '44.8206, 20.4622', 0, 21, 0),
(280, 'BIHAc', '44.8167, 15.8667', 'BEOGRAD', '44.8206, 20.4622', 0, 21, 0),
(281, 'SARAJEVO', '43.84864, 18.3564', 'ISTAMBUL', '41.0053, 28.977', 0, 77, 10),
(282, 'cAPLJINA', '43.1125, 17.7146', 'ZAGREB', '45.8149, 15.9785', 0, 9, 0),
(283, 'cAPLJINA', '43.1125, 17.7146', 'NOVI SAD', '45.2622, 19.8519', 0, 10, 0),
(287, 'BUGOJNO ', '44.0536, 17.4374', 'BEOGRAD', '44.8206, 20.4622', 0, 13, 0),
(288, 'GRADIsKA', '45.1421, 17.2529', 'BEOGRAD', '44.8206, 20.4622', 0, 13, 0),
(289, 'DRVAR', '44.3685, 16.3976', 'BEOGRAD', '44.8206, 20.4622', 0, 21, 0),
(290, 'MOSTAR', '43.34235, 17.8128', 'KOTOR', '42.4188, 18.7675', 65, 10, 0),
(291, 'MOSTAR', '43.34235, 17.8128', 'KOTOR', '42.4188, 18.7675', 0, 10, 0),
(292, 'ZVORNIK', '44.3918, 19.1056', 'NIs', '48.1448, 11.558', 0, 35, 0),
(293, 'KISELJAK', '43.9348, 18.0875', 'ZURICH', '47.3686, 8.5392', 0, 10, 0),
(294, 'KALESIJA', '44.4388, 18.9124', 'RIED/I', '48.2127, 13.4927', 0, 28, 0),
(295, 'cAPLJINA', '43.1125, 17.7146', 'DORTMUND', '51.5136, 7.4653', 0, 10, 0),
(296, 'sEKOVIcI', '44.3, 18.85', 'BEOGRAD', '44.8206, 20.4622', 0, 35, 0),
(297, 'BOSANSKA GRADIsKA', '45.1421, 17.2529', 'BUDVA', '42.2881, 18.8425', 0, 53, 0),
(298, 'TUZLA', '44.5328, 18.6705', 'WIEN', '48.2082, 16.3738', 0, 42, 0),
(299, 'VITEZ', '44.4437, 18.1451', 'LINZ', '48.3069, 14.2858', 0, 84, 0),
(300, 'MOSTAR', '43.34235, 17.8128', 'SPLIT', '43.5081, 16.4402', 0, 10, 0),
(301, 'MODRIcA', '44.9567, 18.2984', 'BAR', '42.1, 19.1', 0, 4, 0),
(302, 'MODRIcA', '44.9567, 18.2984', 'BAR', '42.1, 19.1', 0, 4, 0),
(303, 'SARAJEVO', '43.84864, 18.3564', 'LINZ', '48.3069, 14.2858', 0, 54, 5),
(304, 'ISTOcNO SARAJEVO', '43.7969, 18.4253', 'WIEN', '48.2082, 16.3738', 0, 54, 5),
(305, 'cAPLJINA', '43.1125, 17.7146', 'LINZ', '48.3069, 14.2858', 0, 10, 0),
(306, 'SARAJEVO', '43.84864, 18.3564', 'LINZ', '48.3069, 14.2858', 0, 6, 0),
(307, 'DOBOJ', '44.7408, 18.093', 'LINZ', '48.3069, 14.2858', 0, 6, 0),
(308, 'ZVORNIK', '44.3918, 19.1056', 'SPITTAL', '55.7578, -1.9942', 0, 44, 0),
(309, 'KLJUc', '44.534, 16.7747', 'LINZ', '48.3069, 14.2858', 0, 84, 0),
(310, 'MEdjUGORJE', '43.2, 17.6833', 'BERN', '46.9479, 7.4446', 0, 10, 0),
(311, 'ZVORNIK', '44.3918, 19.1056', 'JESENICE', '46.4367, 14.0526', 0, 28, 0),
(312, 'CAZIN', '44.9667, 15.9333', 'VODICE', '43.7574, 15.7741', 0, 55, 0),
(313, 'MOSTAR', '43.34235, 17.8128', 'HAMBURG', '53.5569, 9.9946', 0, 10, 0),
(314, 'BOSANSKI sAMAC', '44.9811, 18.4797', 'DORTMUND', '51.5136, 7.4653', 0, 6, 0),
(315, 'TRAVNIK', '44.2223, 17.6651', 'DONAUWORTH', '48.7185, 10.7778', 0, 11, 0),
(316, 'BIHAc', '44.8167, 15.8667', 'PARIS', '48.8566, 2.3522', 0, 85, 0),
(317, 'MOSTAR', '43.34235, 17.8128', 'IMOTSKI', '43.4471, 17.214', 0, 56, 0),
(318, 'MOSTAR', '43.34235, 17.8128', 'SPLIT', '43.5081, 16.4402', 0, 33, 0),
(319, 'SARAJEVO', '43.84864, 18.3564', 'GOSTIVAR', '41.8009, 20.9142', 0, 77, 10),
(320, 'SARAJEVO', '43.84864, 18.3564', 'STOCKHOLM', '59.3289, 18.0649', 0, 57, 0),
(321, 'ZENICA ', '44.2, 17.9333', 'VELENJE', '46.3623, 15.1107', 0, 20, 0),
(322, 'TESLIc', '44.6019, 17.8514', 'VELENJE', '46.3623, 15.1107', 0, 20, 0),
(323, 'cAPLJINA', '43.1125, 17.7146', 'FRANKFURT', '50.1109, 8.6821', 0, 58, 0),
(324, 'cAPLJINA', '43.1125, 17.7146', 'FRANKFURT', '50.1109, 8.6821', 0, 58, 0),
(325, 'SANSKI MOST', '44.7667, 16.6667', 'PARIS', '48.8566, 2.3522', 0, 10, 0),
(326, 'SARAJEVO', '43.84864, 18.3564', 'VINKOVCI', '45.2879, 18.8057', 0, 10, 0),
(327, 'MEdjUGORJE', '43.2, 17.6833', 'ZAGREB', '45.8149, 15.9785', 0, 10, 0),
(328, 'TOMISLAVGRAD', '43.7187, 17.2236', 'ZAGREB', '45.8149, 15.9785', 0, 10, 0),
(329, 'TUZLA', '44.5328, 18.6705', 'RIJEKA', '45.3285, 14.4364', 0, 10, 0),
(330, 'KONJIC', '43.6545, 17.9667', 'ZAGREB', '45.8149, 15.9785', 0, 10, 0),
(331, 'cAPLJINA', '43.1125, 17.7146', 'NOVA GRADIsKA', '45.2581, 17.3839', 0, 10, 0),
(332, 'TUZLA', '44.5328, 18.6705', 'PULA', '44.8697, 13.8414', 0, 10, 0),
(333, 'MOSTAR', '43.34235, 17.8128', 'PLOcE', '43.0563, 17.431', 0, 10, 0),
(334, 'MOSTAR', '43.34235, 17.8128', 'SPLIT', '43.5081, 16.4402', 0, 10, 0),
(335, 'MOSTAR', '43.34235, 17.8128', 'MAKARSKA', '43.2937, 17.0215', 0, 10, 0),
(336, 'MOSTAR', '43.34235, 17.8128', 'ZADAR', '44.1149, 15.229', 0, 10, 0),
(337, 'MOSTAR', '43.34235, 17.8128', 'ZADAR', '44.1149, 15.229', 0, 10, 0),
(338, 'MOSTAR', '43.34235, 17.8128', 'ZADAR', '44.1149, 15.229', 0, 10, 0),
(339, 'TUZLA', '44.5328, 18.6705', 'TORINO', '45.0703, 7.6869', 0, 10, 0),
(340, 'SANSKI MOST', '44.7667, 16.6667', 'TORINO', '45.0703, 7.6869', 0, 10, 0),
(341, 'SARAJEVO', '43.84864, 18.3564', 'SKOPLJE', '42, 21.4333', 0, 10, 0),
(342, 'GORNJI VAKUF', '43.9375, 17.588', 'ENNS', '48.2131, 14.4752', 0, 36, 0),
(343, 'cAPLJINA', '43.1125, 17.7146', 'WIEN', '48.2082, 16.3738', 0, 10, 0),
(344, 'SARAJEVO', '43.84864, 18.3564', 'WIEN', '48.2082, 16.3738', 0, 10, 0),
(345, 'SANSKI MOST', '44.7667, 16.6667', 'WIEN', '48.2082, 16.3738', 0, 10, 0),
(346, 'SARAJEVO', '43.84864, 18.3564', 'LINZ', '48.3069, 14.2858', 0, 10, 0),
(347, 'SANSKI MOST', '44.7667, 16.6667', 'LINZ', '48.3069, 14.2858', 0, 55, 0),
(348, 'SANSKI MOST', '44.7667, 16.6667', 'SALZBURG', '47.8095, 13.055', 0, 55, 0),
(349, 'PRIJEDOR', '44.979, 16.7037', 'LINZ', '48.3069, 14.2858', 0, 86, 0),
(350, 'TESLIc', '44.6019, 17.8514', 'LINZ', '48.3069, 14.2858', 0, 21, 0),
(351, 'PRIJEDOR', '44.979, 16.7037', 'BREGENZ', '47.5008, 9.7423', 0, 50, 0),
(352, 'TUZLA', '44.5328, 18.6705', 'WIEN', '48.2082, 16.3738', 0, 39, 0),
(353, 'TESLIc', '44.6019, 17.8514', 'TULLN', '48.3316, 16.0607', 0, 23, 0),
(354, 'SARAJEVO', '43.84864, 18.3564', 'BASEL', '47.5574, 7.5926', 0, 54, 5),
(355, 'BIJELJINA', '44.75, 19.2167', 'GENEVE', '46.1984, 6.1423', 0, 28, 0),
(356, 'cAPLJINA', '43.1125, 17.7146', 'BERN', '46.9479, 7.4446', 0, 10, 0),
(357, 'SREBRENIK', '44.1114, 19.3155', 'BASEL', '47.5574, 7.5926', 0, 6, 0),
(359, 'MOSTAR', '43.34235, 17.8128', 'BERLIN', '52.5243, 13.4063', 129, 1, 10),
(360, 'SARAJEVO', '43.84864, 18.3564', 'WUPPERTAL', '51.2562, 7.1508', 0, 54, 5),
(361, 'SARAJEVO', '43.84864, 18.3564', 'DORTMUND', '51.5136, 7.4653', 0, 54, 5),
(362, 'ZVORNIK', '44.3918, 19.1056', 'TRIER', '49.7469, 6.6348', 0, 28, 0),
(363, 'ZVORNIK', '44.3918, 19.1056', 'TRIER', '49.7469, 6.6348', 0, 28, 0),
(364, 'SARAJEVO', '43.84864, 18.3564', 'BERLIN', '52.5243, 13.4063', 0, 28, 0),
(365, 'BRATUNAC', '44.1859, 19.3326', 'STUTTGART', '48.7754, 9.1818', 0, 28, 0),
(366, 'SARAJEVO', '43.84864, 18.3564', 'STUTTGART', '48.7754, 9.1818', 0, 60, 0),
(367, 'MOSTAR', '43.34235, 17.8128', 'BERLIN', '52.5243, 13.4063', 0, 10, 0),
(368, 'cAPLJINA', '43.1125, 17.7146', 'DORTMUND', '51.5136, 7.4653', 0, 10, 0),
(369, 'VAREs', '44.1498, 18.3285', 'ULM', '48.4043, 9.9793', 0, 23, 0),
(370, 'SARAJEVO', '43.84864, 18.3564', 'FLENSBURG', '54.7937, 9.447', 0, 57, 0),
(371, 'SARAJEVO', '43.84864, 18.3564', 'COPENHAGEN', '55.6761, 12.5683', 0, 57, 0),
(372, 'cAPLJINA', '43.1125, 17.7146', 'PARIS', '48.8566, 2.3522', 0, 10, 0),
(373, 'SARAJEVO', '43.84864, 18.3564', 'ZAGREB', '45.8149, 15.9785', 0, 54, 5),
(374, 'zIVINICE', '44.4466, 18.651', 'ZAGREB', '45.8149, 15.9785', 0, 20, 0),
(375, 'SARAJEVO', '43.84864, 18.3564', 'MILANO', '45.4654, 9.1859', 0, 6, 0),
(376, 'TESLIc', '44.6019, 17.8514', 'MILANO', '45.4654, 9.1859', 0, 21, 0),
(377, 'BANJA LUKA', '44.7722, 17.191', 'ULCINJ', '41.9297, 19.22438', 0, 21, 0),
(378, 'BANJA LUKA', '44.7722, 17.191', 'PODGORICA', '42.4426, 19.2686', 0, 21, 0),
(379, 'PRIJEDOR', '44.979, 16.7037', 'BAR', '42.1, 19.1', 0, 21, 0),
(380, 'BANJA LUKA', '44.7722, 17.191', 'ULCINJ', '41.9297, 19.22438', 0, 21, 0),
(381, 'SARAJEVO', '43.84864, 18.3564', 'JESENICE', '46.4367, 14.0526', 0, 60, 0),
(382, 'SARAJEVO', '43.84864, 18.3564', 'LJUBLJANA', '46.0514, 14.506', 0, 60, 0),
(383, 'TESLIc', '44.6019, 17.8514', 'KOPER', '45.5481, 13.7302', 0, 22, 0),
(384, 'BIHAc', '44.8167, 15.8667', 'LJUBLJANA', '46.0514, 14.506', 0, 46, 0),
(385, 'DRVAR', '44.3685, 16.3976', 'BEOGRAD', '44.8206, 20.4622', 0, 21, 0),
(386, 'KALESIJA', '44.4388, 18.9124', 'LAUSANNE', '46.52, 6.6336', 0, 6, 0),
(387, 'TUZLA', '44.5328, 18.6705', 'PARIS', '48.8566, 2.3522', 0, 10, 0),
(388, 'MEdjUGORJE', '43.2, 17.6833', 'TORINO', '45.0703, 7.6869', 0, 10, 0),
(389, 'BIJELJINA', '44.75, 19.2167', 'PETROVAC', '42.2056, 18.9425', 0, 43, 0),
(390, 'cAPLJINA', '43.1125, 17.7146', 'AMSTERDAM', '52.3702, 4.8952', 0, 10, 0),
(391, 'ZVORNIK', '44.3918, 19.1056', 'AMSTERDAM', '52.3702, 4.8952', 0, 10, 0),
(392, 'ISTOcNO SARAJEVO', '43.7969, 18.4253', 'MARIBOR', '46.5546, 15.6458', 0, 54, 5),
(393, 'TUZLA', '44.5328, 18.6705', 'LJUBLJANA', '46.0514, 14.506', 0, 10, 0),
(394, 'BIJELJINA', '44.75, 19.2167', 'NOVI SAD', '45.2622, 19.8519', 0, 43, 0),
(395, 'cAPLJINA', '43.1125, 17.7146', 'NOVI SAD', '45.2622, 19.8519', 0, 10, 0),
(396, 'SARAJEVO', '43.84864, 18.3564', 'ULCINJ', '41.9297, 19.22438', 0, 61, 0),
(397, 'MOSTAR', '43.34235, 17.8128', 'AMSTERDAM', '52.3702, 4.8952', 0, 10, 0),
(398, 'TUZLA', '44.5328, 18.6705', 'AMSTERDAM', '52.3702, 4.8952', 0, 10, 0),
(399, 'KALESIJA', '44.4388, 18.9124', 'RAVNE NA KOROsKEM', '44.8697, 13.8414', 0, 28, 0),
(400, 'zIVINICE', '44.4466, 18.651', 'VELENJE', '46.3623, 15.1107', 0, 20, 0),
(401, 'cAPLJINA', '43.1125, 17.7146', 'LJUBLJANA', '46.0514, 14.506', 0, 10, 0),
(402, 'DERVENTA', '44.9809, 17.9095', 'LJUBLJANA', '46.0514, 14.506', 0, 45, 0),
(403, 'BANJA LUKA', '44.7722, 17.191', 'NOVI SAD', '45.2622, 19.8519', 0, 52, 0),
(404, 'SAPNA', '44.4934, 19.0002', 'BRAUNAU', '47.5027707, 9.0722417', 0, 62, 0),
(405, 'SAPNA', '44.4934, 19.0002', 'MATTIGHOFEN', '', 0, 62, 0),
(406, 'cAPLJINA', '43.1125, 17.7146', 'ZAGREB', '45.8149, 15.9785', 0, 9, 0),
(407, 'MOSTAR', '43.34235, 17.8128', 'IMOTSKI', '43.4471, 17.214', 0, 9, 0),
(408, 'BANJA LUKA', '44.7722, 17.191', 'SPLIT', '43.5081, 16.4402', 0, 32, 0),
(409, 'SARAJEVO', '43.84864, 18.3564', 'HAMBURG', '53.5569, 9.9946', 0, 10, 0),
(410, 'MOSTAR', '43.34235, 17.8128', 'BUDVA', '42.2881, 18.8425', 0, 10, 0),
(411, 'SARAJEVO', '43.84864, 18.3564', 'GOTEBORG', '57.7089, 11.9746', 0, 40, 0),
(412, 'MOSTAR', '43.34235, 17.8128', 'NOVI SAD', '45.2622, 19.8519', 0, 27, 0),
(413, 'VLASENICA', '44.1796, 18.9448', 'RIED IM INNKREIS', '48.2127, 13.4927', 0, 34, 0),
(414, 'PRNJAVOR', '44.8667, 17.65', 'BREGENZ', '47.5008, 9.7423', 0, 47, 0),
(415, 'MOSTAR', '43.34235, 17.8128', 'IMOTSKI', '43.4471, 17.214', 0, 9, 0),
(416, 'ZVORNIK', '44.3918, 19.1056', 'VELENJE', '46.3623, 15.1107', 0, 20, 0),
(417, 'BRATUNAC', '44.1859, 19.3326', 'FRANKFURT', '50.1109, 8.6821', 0, 28, 0),
(418, 'TESLIc', '44.6019, 17.8514', 'BASEL', '47.5574, 7.5926', 0, 21, 0),
(419, 'SARAJEVO', '43.84864, 18.3564', 'HERCEG NOVI', '42.453, 18.5314', 0, 77, 10),
(420, 'MRKONJIc GRAD', '44.4167, 17.0833', 'NOVA GORICA', '45.955, 13.6493', 0, 32, 0),
(421, 'TESLIc', '44.6019, 17.8514', 'ZURICH', '47.3686, 8.5392', 0, 21, 0),
(422, 'SANSKI MOST', '44.7667, 16.6667', 'KRANJSKA GORA', '46.4854, 13.7871', 0, 15, 0),
(423, 'SARAJEVO', '43.84864, 18.3564', 'PULA', '44.8697, 13.8414', 0, 54, 5),
(424, 'BOSANSKI SAMAC', '44.9811, 18.4797', 'WIEN', '48.2082, 16.3738', 0, 74, 0),
(425, 'ZVORNIK', '44.3918, 19.1056', 'TRIER', '49.7469, 6.6348', 0, 28, 0),
(426, 'ZVORNIK', '44.3918, 19.1056', 'BERLIN', '52.5243, 13.4063', 0, 28, 0),
(427, 'SARAJEVO', '43.84864, 18.3564', 'BERLIN', '52.5243, 13.4063', 0, 28, 0),
(428, 'ZVORNIK', '44.3918, 19.1056', 'AACHEN', '50.7733, 6.1021', 0, 28, 0),
(429, 'SARAJEVO', '43.84864, 18.3564', 'PODGORICA', '42.4426, 19.2686', 0, 77, 10),
(430, 'PRNJAVOR', '44.8667, 17.65', 'LIEZEN', '47.5674, 14.2432', 0, 47, 0),
(431, 'SARAJEVO', '43.84864, 18.3564', 'COPENHAGEN', '55.6761, 12.5683', 0, 40, 0),
(432, 'BANJA LUKA', '44.7722, 17.191', 'RIJEKA', '45.3285, 14.4364', 0, 21, 0),
(433, 'BANJA LUKA', '44.7722, 17.191', 'BUDVA', '42.2881, 18.8425', 0, 21, 0),
(434, 'GORNJI VAKUF', '43.9375, 17.588', 'LINZ', '48.3069, 14.2858', 0, 80, 0),
(435, 'BIJELJINA', '44.75, 19.2167', 'HERCEG NOVI', '42.453, 18.5314', 0, 35, 0),
(436, 'KLJUc', '44.534, 16.7747', 'HAMM', '51.6739, 7.816', 0, 79, 0),
(437, 'LONcARI', '44.9408, 18.6856', 'VISP', '46.2947, 7.8821', 0, 5, 0),
(438, 'ZVORNIK', '44.3918, 19.1056', 'AACHEN', '50.7733, 6.1021', 0, 28, 0),
(439, 'ZVORNIK', '44.3918, 19.1056', 'AACHEN', '50.7733, 6.1021', 0, 28, 0),
(440, 'ISTOcNO SARAJEVO', '43.7969, 18.4253', 'AALBORG', '57.0288, 9.9178', 0, 48, 0),
(441, 'TUZLA', '44.5328, 18.6705', 'VELENJE', '46.3623, 15.1107', 0, 20, 0),
(442, 'DOBOJ', '44.7408, 18.093', 'VELENJE', '46.3623, 15.1107', 0, 20, 0),
(443, 'KLJUc', '44.534, 16.7747', 'JESENICE', '46.4367, 14.0526', 0, 23, 0),
(444, 'PRIJEDOR', '44.979, 16.7037', 'VELENJE', '46.3623, 15.1107', 0, 65, 0),
(445, 'PRNJAVOR', '44.8667, 17.65', 'BREGENZ', '47.5008, 9.7423', 0, 47, 0),
(446, 'MOSTAR', '43.34235, 17.8128', 'LJUBLJANA', '46.0514, 14.506', 0, 64, 0),
(447, 'SANSKI MOST', '44.7667, 16.6667', 'LJUBLJANA', '46.0514, 14.506', 0, 64, 0),
(448, 'SAPNA', '44.4934, 19.0002', 'RIED', '48.2127, 13.4927', 0, 28, 0),
(449, 'TUZLA', '44.5328, 18.6705', 'SALZBURG', '47.8095, 13.055', 0, 39, 0),
(450, 'PRIJEDOR', '44.979, 16.7037', 'BASEL', '47.5574, 7.5926', 0, 50, 0),
(451, 'SARAJEVO', '43.84864, 18.3564', 'LYON', '45.764, 4.8357', 0, 85, 0),
(452, 'JAJCE', '44.3403, 17.2572', 'LAUSANNE', '46.52, 6.6336', 0, 17, 9),
(453, 'cAPLJINA', '43.1125, 17.7146', 'HAMM', '51.6739, 7.816', 0, 79, 0),
(454, 'VAREs', '44.1498, 18.3285', 'FRANKFURT', '50.1109, 8.6821', 0, 23, 0),
(455, 'BANJA LUKA', '44.7722, 17.191', 'NOVI SAD', '45.2622, 19.8519', 0, 29, 0),
(456, 'ZVORNIK', '44.3918, 19.1056', 'TRIER', '49.7469, 6.6348', 0, 28, 0),
(457, 'ZVORNIK', '44.3918, 19.1056', 'JESENICE', '46.4367, 14.0526', 0, 28, 0),
(458, 'SARAJEVO', '43.84864, 18.3564', 'AMSTERDAM', '52.3702, 4.8952', 0, 54, 5),
(459, 'SARAJEVO', '43.84864, 18.3564', 'BRANNAU AM INN ', '48.2557, 13.0443', 0, 87, 0),
(460, 'SARAJEVO', '43.84864, 18.3564', 'ROTTERDAM', '51.9242, 4.4818', 0, 87, 0),
(461, 'SARAJEVO', '43.84864, 18.3564', 'STOCKHOLM', '59.3289, 18.0649', 0, 54, 5),
(462, 'KALESIJA', '44.4388, 18.9124', 'RAVNE NA KOROsKEM', '44.8697, 13.8414', 0, 28, 0),
(463, 'SARAJEVO', '43.84864, 18.3564', 'JESENICE', '46.4367, 14.0526', 0, 60, 0),
(464, 'SARAJEVO', '43.84864, 18.3564', 'LJUBLJANA', '46.0514, 14.506', 0, 60, 0),
(465, 'SARAJEVO', '43.84864, 18.3564', 'RENNES', '48.1135, -1.6757', 0, 77, 10),
(466, 'cAPLJINA', '43.1125, 17.7146', 'NOVI SAD', '45.2622, 19.8519', 0, 10, 0),
(467, 'cAPLJINA', '43.1125, 17.7146', 'EMDEN', '53.3594, 7.206', 0, 79, 0),
(468, 'sIROKI BRIJEG', '43.3667, 17.5833', 'SPLIT', '43.5081, 16.4402', 0, 66, 0),
(469, 'sIROKI BRIJEG', '43.3667, 17.5833', 'SPLIT', '43.5081, 16.4402', 0, 66, 0),
(470, 'PRIJEDOR', '44.979, 16.7037', 'ZAGREB', '45.8149, 15.9785', 0, 14, 0),
(471, 'BUGOJNO', '44.0536, 17.4374', 'WIEN', '48.2082, 16.3738', 0, 36, 0),
(472, 'TESLIc', '44.6019, 17.8514', 'LINZ', '48.3069, 14.2858', 0, 21, 0),
(473, 'SARAJEVO', '43.84864, 18.3564', 'AMSTERDAM', '52.3702, 4.8952', 0, 87, 0),
(474, 'cAPLJINA', '43.1125, 17.7146', 'DORTMUND', '51.5136, 7.4653', 0, 10, 0),
(475, 'cAPLJINA', '43.1125, 17.7146', 'DORTMUND', '51.5136, 7.4653', 0, 10, 0),
(476, 'SARAJEVO', '43.84864, 18.3564', 'SEzANA', '45.7093, 13.8738', 0, 6, 0),
(477, 'PRIJEDOR', '44.979, 16.7037', 'MAKARSKA', '43.2937, 17.0215', 0, 7, 0),
(478, 'PRIJEDOR', '44.979, 16.7037', 'MAKARSKA', '43.2937, 17.0215', 0, 7, 0),
(479, 'PRIJEDOR', '44.979, 16.7037', 'MAKARSKA', '43.2937, 17.0215', 0, 7, 0),
(480, 'PRIJEDOR', '44.979, 16.7037', 'MAKARSKA', '43.2937, 17.0215', 0, 7, 0),
(481, 'PRIJEDOR', '44.979, 16.7037', 'MAKARSKA', '43.2937, 17.0215', 0, 7, 0),
(482, 'PRIJEDOR', '44.979, 16.7037', 'BAR', '42.1, 19.1', 0, 7, 0),
(483, 'MRKONJIc GRAD', '44.4167, 17.0833', 'NOVA GORICA', '45.955, 13.6493', 0, 32, 0),
(484, 'MOSTAR', '43.34235, 17.8128', 'WIEN', '48.2082, 16.3738', 0, 9, 0),
(485, 'ZVORNIK', '44.3918, 19.1056', 'AACHEN', '50.7733, 6.1021', 0, 28, 0),
(486, 'SARAJEVO', '43.84864, 18.3564', 'GOTEBORG', '57.7089, 11.9746', 0, 40, 0),
(487, 'KLJUc', '44.534, 16.7747', 'JESENICE', '46.4367, 14.0526', 0, 23, 0),
(488, 'DOBOJ', '44.7408, 18.093', 'TELFS', '47.3071, 11.0682', 0, 67, 0),
(489, 'VLASENICA', '44.1796, 18.9448', 'MUNCHEN', '48.1448, 11.558', 0, 34, 0),
(490, 'SANSKI MOST', '44.7667, 16.6667', 'LJUBLJANA', '46.0514, 14.506', 0, 64, 0),
(491, 'MOSTAR', '43.34235, 17.8128', 'LJUBLJANA', '46.0514, 14.506', 0, 64, 0),
(492, 'SANSKI MOST', '44.7667, 16.6667', 'LAUSANNE', '46.52, 6.6336', 0, 10, 0),
(493, 'TESLIc', '44.6019, 17.8514', 'KOPER', '45.5481, 13.7302', 0, 22, 0),
(494, 'ZVORNIK', '44.3918, 19.1056', 'FRANKFURT', '50.1109, 8.6821', 0, 68, 0),
(495, 'SARAJEVO', '43.84864, 18.3564', 'LINZ', '48.3069, 14.2858', 0, 54, 5),
(496, 'MOSTAR', '43.34235, 17.8128', 'IMOTSKI', '43.4471, 17.214', 0, 9, 0),
(497, 'MOSTAR', '43.34235, 17.8128', 'IMOTSKI', '43.4471, 17.214', 0, 9, 0),
(498, 'MOSTAR', '43.34235, 17.8128', 'IMOTSKI', '43.4471, 17.214', 0, 9, 0),
(499, 'cAPLJINA', '43.1125, 17.7146', 'IMOTSKI', '43.4471, 17.214', 0, 9, 0),
(500, 'cAPLJINA', '43.1125, 17.7146', 'IMOTSKI', '43.4471, 17.214', 0, 9, 0),
(501, 'cAPLJINA', '43.1125, 17.7146', 'IMOTSKI', '43.4471, 17.214', 0, 9, 0),
(502, 'DOBOJ', '44.7408, 18.093', 'OSIJEK', '45.56, 18.6759', 0, 20, 0),
(503, 'zEPcE', '44.4264, 18.0374', 'OSIJEK', '45.56, 18.6759', 0, 20, 0),
(504, 'SARAJEVO', '43.84864, 18.3564', 'ANTWERPEN', '51.2192, 4.4029', 0, 6, 0),
(505, 'MOSTAR', '43.34235, 17.8128', 'ZADAR', '44.1149, 15.229', 0, 10, 0),
(506, 'MOSTAR', '43.34235, 17.8128', 'ZADAR', '44.1149, 15.229', 0, 10, 0),
(507, 'SARAJEVO', '43.84864, 18.3564', 'PODGORICA', '42.4426, 19.2686', 0, 10, 0),
(508, 'SARAJEVO', '43.84864, 18.3564', 'BREMEN', '53.0848, 8.8208', 0, 77, 10),
(509, 'SARAJEVO', '43.84864, 18.3564', 'BREMEN', '53.0848, 8.8208', 0, 77, 10),
(510, 'cAPLJINA', '43.1125, 17.7146', 'FRANKFURT', '50.1109, 8.6821', 0, 58, 0),
(511, 'ZVORNIK', '44.3918, 19.1056', 'BREGENZ', '47.5008, 9.7423', 0, 68, 0),
(512, 'SARAJEVO', '43.84864, 18.3564', 'BEOGRAD', '44.8206, 20.4622', 0, 77, 10),
(513, 'ZVORNIK', '44.3918, 19.1056', 'OLTEN', '47.3498, 7.9198', 0, 69, 0),
(514, 'SARAJEVO', '43.84864, 18.3564', 'ALBASAN', '41.1168, 20.0926', 0, 10, 0),
(515, 'TREBINJE', '42.7112, 18.3425', 'BREMENHAVEN', '53.5482, 8.5827', 0, 10, 0),
(516, 'TREBINJE', '42.7112, 18.3425', 'HAMBURG', '53.5569, 9.9946', 0, 10, 0),
(517, 'TREBINJE', '42.7112, 18.3425', 'HAMBURG', '53.5569, 9.9946', 0, 10, 0),
(518, 'TREBINJE', '42.7112, 18.3425', 'HAMBURG', '53.5569, 9.9946', 0, 10, 0),
(519, 'TREBINJE', '42.7112, 18.3425', 'HAMBURG', '53.5569, 9.9946', 0, 10, 0),
(520, 'TREBINJE', '42.7112, 18.3425', 'BREMENHAVEN', '53.5482, 8.5827', 0, 10, 0),
(521, 'cAPLJINA', '43.1125, 17.7146', 'IMOTSKI', '43.4471, 17.214', 0, 9, 0),
(522, 'cAPLJINA', '43.1125, 17.7146', 'IMOTSKI', '43.4471, 17.214', 0, 9, 0),
(523, 'cAPLJINA', '43.1125, 17.7146', 'IMOTSKI', '43.4471, 17.214', 0, 9, 0),
(524, 'cAPLJINA', '43.1125, 17.7146', 'ZAGREB', '45.8149, 15.9785', 0, 9, 0),
(525, 'BOSANSKA GRADIsKA', '45.1421, 17.2529', 'METKOVIc', '43.0533, 17.6493', 0, 10, 0),
(526, 'SARAJEVO', '43.84864, 18.3564', 'VINKOVCI', '45.2879, 18.8057', 0, 10, 0),
(527, 'GACKO', '43.1523, 18.5306', 'DUBROVNIK', '42.6419, 18.1065', 0, 10, 0),
(528, 'GACKO', '43.1523, 18.5306', 'DUBROVNIK', '42.6419, 18.1065', 0, 10, 0),
(529, 'GACKO', '43.1523, 18.5306', 'DUBROVNIK', '42.6419, 18.1065', 0, 10, 0),
(530, 'zEPcE', '44.4264, 18.0374', 'OSIJEK', '45.56, 18.6759', 0, 11, 0),
(531, 'SARAJEVO', '43.84864, 18.3564', 'SKOPLJE', '42, 21.4333', 0, 10, 0),
(532, 'SARAJEVO', '43.84864, 18.3564', 'BREGENZ', '47.5008, 9.7423', 0, 87, 0),
(533, 'PRIJEDOR', '44.979, 16.7037', 'VELENJE', '46.3623, 15.1107', 0, 65, 0),
(534, 'TEOcAK', '44.6025, 18.9845', 'FURSTEFELBRUCK', '48.1739, 11.243', 0, 34, 0),
(535, 'sIROKI BRIJEG', '43.3667, 17.5833', 'INNSBRUCK', '47.2692, 11.4041', 0, 70, 0),
(536, 'MEdjUGORJE', '43.2, 17.6833', 'ELBASAN', '', 0, 10, 0),
(537, 'MEdjUGORJE', '43.2, 17.6833', 'BREMERHAVEN', '53.5482, 8.5827', 0, 10, 0),
(538, 'TREBINJE', '42.7112, 18.3425', 'BREMERHAVEN', '53.5482, 8.5827', 0, 10, 0),
(539, 'MEdjUGORJE', '43.2, 17.6833', 'HAMBURG', '53.5569, 9.9946', 0, 10, 0),
(540, 'MEdjUGORJE', '43.2, 17.6833', 'HAMBURG', '53.5569, 9.9946', 270, 10, 0),
(543, 'MEdjUGORJE', '43.2, 17.6833', 'BREMERHAVEN', '53.5482, 8.5827', 0, 10, 0),
(544, 'MEdjUGORJE', '43.2, 17.6833', 'BREMERHAVEN', '53.5482, 8.5827', 0, 10, 0),
(545, 'TREBINJE', '42.7112, 18.3425', 'BREMERHAVEN', '53.5482, 8.5827', 0, 10, 0),
(546, 'MEdjUGORJE', '43.2, 17.6833', 'BREMERHAVEN', '53.5482, 8.5827', 0, 10, 0),
(547, 'cAPLJINA', '43.1125, 17.7146', 'ZAGREB', '45.8149, 15.9785', 49, 10, 0),
(548, 'MEdjUGORJE', '43.2, 17.6833', 'OHRID', '41.1216, 20.8194', 0, 10, 0),
(549, 'BRcKO', '44.87, 18.81', 'ZURICH', '47.3686, 8.5392', 0, 71, 0),
(550, 'PRIJEDOR', '44.979, 16.7037', 'LINZ', '48.3069, 14.2858', 0, 72, 0),
(551, 'BIHAc', '44.8167, 15.8667', 'ZURICH', '47.3686, 8.5392', 0, 3, 0),
(552, 'SARAJEVO', '43.84864, 18.3564', 'HELSINGBORG', '56.0465, 12.6945', 0, 73, 0),
(553, 'PRNJAVOR', '44.8667, 17.65', 'BREGENZ', '47.5008, 9.7423', 0, 22, 0),
(565, 'SARAJEVO', '43.84864, 18.3564', 'DORTMUND', '51.5136, 7.4653', 0, 17, 9),
(566, 'VLASENICA', '44.1796, 18.9448', 'MUNCHEN', '48.1448, 11.558', 0, 34, 0),
(567, 'MOSTAR', '43.34235, 17.8128', 'BAD SODEN', '50.1461, 8.4986', 0, 56, 0),
(568, 'MEdjUGORJE', '43.2, 17.6833', 'BREMERHAVEN', '53.5482, 8.5827', 0, 10, 0),
(569, 'NEUM', '42.9178, 17.6315', 'BREMERHAVEN', '53.5482, 8.5827', 0, 10, 0),
(570, 'NEUM', '42.9178, 17.6315', 'HAMBURG', '53.5569, 9.9946', 0, 10, 0),
(571, 'NEUM', '42.9178, 17.6315', 'HAMBURG', '53.5569, 9.9946', 0, 10, 0),
(572, 'NEUM', '42.9178, 17.6315', 'HAMBURG', '53.5569, 9.9946', 0, 10, 0),
(573, 'NEUM', '42.9178, 17.6315', 'HAMBURG', '53.5569, 9.9946', 0, 10, 0),
(574, 'NEUM', '42.9178, 17.6315', 'BREMERHAVEN', '53.5482, 8.5827', 0, 10, 0),
(575, 'NEUM', '42.9178, 17.6315', 'BREMERHAVEN', '53.5482, 8.5827', 0, 10, 0),
(576, 'TOMISLAVGRAD', '43.7187, 17.2236', 'ZAGREB', '45.8149, 15.9785', 0, 10, 0),
(577, 'sIROKI BRIJEG', '43.3667, 17.5833', 'WIEN', '48.2082, 16.3738', 0, 58, 0),
(578, 'ZVORNIK', '44.3918, 19.1056', 'FRANKFURT AM MAIN', '50.1109, 8.6821', 0, 17, 9),
(579, 'DOBOJ', '44.7408, 18.093', 'ULCINJ', '41.9297, 19.22438', 0, 88, 0),
(580, 'DOBOJ', '44.7408, 18.093', 'ULCINJ', '41.9297, 19.22438', 0, 88, 0),
(581, 'SARAJEVO', '43.84864, 18.3564', 'IVANcNA GORICA', '45.9186489, 14.7956554', 0, 20, 0),
(582, 'ZVORNIK', '44.3918, 19.1056', 'IVANcNA GORICA', '45.9186489, 14.7956554', 0, 20, 0),
(583, 'PRNJAVOR ', '44.8667, 17.65', 'BREGENZ', '47.5008, 9.7423', 0, 45, 0),
(584, 'PRNJAVOR ', '44.8667, 17.65', 'BREGENZ', '47.5008, 9.7423', 0, 45, 0),
(585, 'PRNJAVOR ', '44.8667, 17.65', 'FRANKFURT AM MAIN', '50.1109, 8.6821', 0, 45, 0),
(586, 'BRATUNAC', '44.1859, 19.3326', 'MATTIGHOFEN', '', 0, 68, 0),
(587, 'TRAVNIK', '44.2223, 17.6651', 'AUGSBURG', '48.3418, 10.8679', 0, 11, 0),
(588, 'BIHAc', '44.8167, 15.8667', 'BREGENZ', '47.5008, 9.7423', 0, 3, 0),
(589, 'TUZLA', '44.5328, 18.6705', 'ULCINJ', '41.9297, 19.22438', 0, 20, 0),
(590, 'TUZLA', '44.5328, 18.6705', 'ULCINJ', '41.9297, 19.22438', 0, 20, 0),
(592, 'sIROKI BRIJEG ', '43.3667, 17.5833', 'MAKARSKA', '43.2937, 17.0215', 0, 66, 0),
(593, 'MOSTAR', '43.34235, 17.8128', 'OFFENBACH AM MAIN', '50.0956, 8.7761', 0, 66, 0),
(594, 'SARAJEVO', '43.84864, 18.3564', 'DUBROVNIK', '42.6419, 18.1065', 0, 77, 10),
(595, 'SARAJEVO', '43.84864, 18.3564', 'DUBROVNIK', '42.6419, 18.1065', 0, 77, 10),
(596, 'SARAJEVO', '43.84864, 18.3564', 'DUBROVNIK', '42.6419, 18.1065', 0, 77, 10),
(597, 'CAZIN', '44.9667, 15.9333', 'BIOGRAD N/M', '43.9373, 15.4436', 0, 50, 0),
(598, 'SARAJEVO', '43.84864, 18.3564', 'BREMEN', '53.0848, 8.8208', 0, 77, 10),
(599, 'MOSTAR', '43.34235, 17.8128', 'IMOTSKI', '43.4471, 17.214', 0, 9, 0),
(600, 'ZVORNIK', '44.3918, 19.1056', 'VELENJE', '46.3623, 15.1107', 0, 28, 0),
(601, 'SARAJEVO', '43.84864, 18.3564', 'LJUBLJANA', '46.0514, 14.506', 0, 60, 0),
(602, 'SARAJEVO', '43.84864, 18.3564', 'JESENICE', '46.4367, 14.0526', 0, 60, 0),
(603, 'BIHAc', '44.8167, 15.8667', 'ENNS', '48.2131, 14.4752', 0, 86, 0),
(604, 'MEdjUGORJE', '43.2, 17.6833', 'PARIS', '48.8566, 2.3522', 0, 10, 0),
(605, 'VELIKA KLADUsA', '45.1838, 15.8065', 'ZADAR', '44.1149, 15.229', 0, 86, 0),
(606, 'BANJA LUKA ', '44.7722, 17.191', 'WIEN', '48.2082, 16.3738', 0, 7, 0),
(607, 'LOPARE', '44.6333, 18.85', 'SALZBURG', '47.8095, 13.055', 80, 1, 10),
(608, 'SARAJEVO', '43.84864, 18.3564', 'ULM', '48.4043, 9.9793', 0, 87, 0),
(609, 'BIHAc', '44.8167, 15.8667', 'WIEN', '48.2082, 16.3738', 0, 50, 0),
(610, 'cAPLJINA', '43.1125, 17.7146', 'FRANKFURT ', '50.1109, 8.6821', 0, 58, 0),
(611, 'JAJCE', '44.3403, 17.2572', 'FRANKFURT AM MAIN', '50.1109, 8.6821', 0, 17, 9),
(612, 'ZVORNIK', '44.3918, 19.1056', 'SALZBURG', '47.8095, 13.055', 0, 4, 0),
(613, 'PRIJEDOR', '44.979, 16.7037', 'BAR', '42.1, 19.1', 0, 7, 0),
(614, 'cAPLJINA', '43.1125, 17.7146', 'FRANKFURT ', '50.1109, 8.6821', 0, 58, 0),
(615, 'SARAJEVO', '43.84864, 18.3564', 'BERLIN', '52.5243, 13.4063', 0, 17, 9),
(617, 'SARAJEVO', '43.84864, 18.3564', 'EMDEN', '53.3594, 7.206', 0, 79, 0),
(618, 'PALE', '43.8167, 18.5667', 'ULCINJ', '41.9297, 19.22438', 0, 89, 0),
(619, 'VISOKO', '43.9889, 18.1781', 'ULCINJ', '41.9297, 19.22438', 0, 89, 0),
(620, 'sIROKI BRIJEG ', '43.3667, 17.5833', 'WIEN', '48.2082, 16.3738', 0, 58, 0),
(621, 'BANJA LUKA', '44.7722, 17.191', 'WIEN', '48.2082, 16.3738', 0, 7, 0),
(622, 'BANJA LUKA', '44.7722, 17.191', 'WIEN', '48.2082, 16.3738', 0, 7, 0),
(623, 'BANJA LUKA', '44.7722, 17.191', 'LINZ', '48.3069, 14.2858', 0, 7, 0),
(624, 'BANJA LUKA', '44.7722, 17.191', 'LINZ', '48.3069, 14.2858', 0, 7, 0),
(625, 'SARAJEVO', '43.84864, 18.3564', 'PARIS', '48.8566, 2.3522', 0, 6, 0),
(626, 'SANSKI MOST', '44.7667, 16.6667', 'ZAGREB', '45.8149, 15.9785', 0, 10, 0),
(627, 'BANJA LUKA', '44.7722, 17.191', 'HERCEG NOVI', '42.453, 18.5314', 0, 7, 0),
(628, 'BANJA LUKA', '44.7722, 17.191', 'HERCEG NOVI', '42.453, 18.5314', 0, 7, 0),
(629, 'SARAJEVO', '43.84864, 18.3564', 'SEzANA', '45.7093, 13.8738', 0, 6, 0),
(630, 'TUZLA', '44.5328, 18.6705', 'SALZBURG', '47.8095, 13.055', 0, 6, 0),
(631, 'BIJELJINA', '44.75, 19.2167', 'SEzANA', '45.7093, 13.8738', 0, 6, 0),
(632, 'TESLIc', '44.6019, 17.8514', 'KOPER', '45.5481, 13.7302', 0, 18, 4),
(633, 'zIVINICE', '44.4466, 18.651', 'NOVA GORICA', '45.955, 13.6493', 0, 18, 4),
(634, 'LOPARE', '44.6333, 18.85', 'FRANKFURT AM MAIN', '50.1109, 8.6821', 98, 1, 10),
(635, 'SANSKI MOST', '44.7667, 16.6667', 'WIEN', '48.2082, 16.3738', 0, 3, 0),
(636, 'BIHAc', '44.8167, 15.8667', 'WIEN', '48.2082, 16.3738', 0, 3, 0),
(637, 'GORNJI VAKUF', '43.9375, 17.588', 'BERN', '46.9479, 7.4446', 0, 85, 0),
(638, 'PRIJEDOR', '44.979, 16.7037', 'BASEL', '47.5574, 7.5926', 0, 85, 0),
(639, 'ZVORNIK', '44.3918, 19.1056', 'FRANKFURT', '50.1109, 8.6821', 0, 90, 0),
(640, 'cAPLJINA', '43.1125, 17.7146', 'WIEN', '48.2082, 16.3738', 0, 10, 0),
(641, 'cAPLJINA', '43.1125, 17.7146', 'WIEN', '48.2082, 16.3738', 0, 10, 0),
(642, 'MOSTAR', '43.34235, 17.8128', 'DORTMUND', '51.5136, 7.4653', 0, 10, 0),
(643, 'MOSTAR', '43.34235, 17.8128', 'DORTMUND', '51.5136, 7.4653', 0, 10, 0),
(644, 'MOSTAR', '43.34235, 17.8128', 'DORTMUND', '51.5136, 7.4653', 0, 10, 0),
(645, 'MOSTAR', '43.34235, 17.8128', 'DORTMUND', '51.5136, 7.4653', 0, 10, 0),
(646, 'cAPLJINA', '43.1125, 17.7146', 'HAMBURG', '53.5569, 9.9946', 0, 10, 0),
(647, 'cAPLJINA', '43.1125, 17.7146', 'HAMBURG', '53.5569, 9.9946', 0, 10, 0),
(648, 'MOSTAR', '43.34235, 17.8128', 'HAMBURG', '53.5569, 9.9946', 0, 10, 0),
(649, 'MOSTAR', '43.34235, 17.8128', 'HAMBURG', '53.5569, 9.9946', 0, 10, 0),
(650, 'MOSTAR', '43.34235, 17.8128', 'HAMBURG', '53.5569, 9.9946', 0, 10, 0),
(651, 'MOSTAR', '43.34235, 17.8128', 'BERLIN', '52.5243, 13.4063', 0, 10, 0),
(652, 'MOSTAR', '43.34235, 17.8128', 'BERLIN', '52.5243, 13.4063', 0, 10, 0),
(653, 'TESLIc', '44.6019, 17.8514', 'SALZBURG', '47.8095, 13.055', 0, 40, 0),
(654, 'SARAJEVO', '43.84864, 18.3564', 'HAMBURG', '53.5569, 9.9946', 0, 28, 0),
(655, 'SARAJEVO', '43.84864, 18.3564', 'PULA', '44.8697, 13.8414', 0, 77, 10),
(656, 'SARAJEVO', '43.84864, 18.3564', 'PULA', '44.8697, 13.8414', 0, 77, 10),
(657, 'MOSTAR', '43.34235, 17.8128', 'DORTMUND', '51.5136, 7.4653', 0, 10, 0),
(658, 'cAPLJINA', '43.1125, 17.7146', 'HAMBURG', '53.5569, 9.9946', 0, 10, 0),
(659, 'cAPLJINA', '43.1125, 17.7146', 'HAMBURG', '53.5569, 9.9946', 0, 10, 0),
(660, 'MOSTAR', '43.34235, 17.8128', 'HAMBURG', '53.5569, 9.9946', 0, 10, 0),
(661, 'MOSTAR', '43.34235, 17.8128', 'HAMBURG', '53.5569, 9.9946', 0, 10, 0),
(662, 'SARAJEVO', '43.84864, 18.3564', 'WIEN', '48.2082, 16.3738', 0, 6, 0),
(663, 'PRNJAVOR', '44.8667, 17.65', 'FRANKFURT', '50.1109, 8.6821', 0, 67, 0),
(664, 'PRNJAVOR', '44.8667, 17.65', 'FRANKFURT', '50.1109, 8.6821', 0, 67, 0),
(665, 'SARAJEVO', '43.84864, 18.3564', 'MIKLAVz NA DRAVSKEM POLJU', '46.5083, 15.6952', 0, 20, 0),
(666, 'ZVORNIK', '44.3918, 19.1056', 'MIKLAVz NA DRAVSKEM POLJU', '46.5083, 15.6952', 0, 20, 0),
(667, 'MEdjUGORJE', '43.2, 17.6833', 'ULCINJ', '41.9297, 19.22438', 0, 10, 0),
(668, 'SARAJEVO', '43.84864, 18.3564', 'GENEVA', '46.1984, 6.1423', 0, 6, 0),
(669, 'TUZLA', '44.5328, 18.6705', 'HAMBURG', '53.5569, 9.9946', 0, 10, 0),
(670, 'TUZLA', '44.5328, 18.6705', 'BERLIN', '52.5243, 13.4063', 0, 10, 0),
(671, 'TUZLA', '44.5328, 18.6705', 'DORTMUND', '51.5136, 7.4653', 0, 10, 0),
(672, 'MEdjUGORJE', '43.2, 17.6833', 'LJUBLJANA', '46.0514, 14.506', 0, 10, 0),
(673, 'BIHAc', '44.8167, 15.8667', 'BREGENZ', '47.5008, 9.7423', 0, 3, 0),
(674, 'SREBRENICA', '44.1114, 19.3155', 'WIEN', '48.2082, 16.3738', 0, 1, 10),
(675, 'BIJELJINA', '44.75, 19.2167', 'BUDVA', '42.2881, 18.8425', 0, 35, 0),
(676, 'SARAJEVO', '43.84864, 18.3564', 'LINZ', '48.3069, 14.2858', 0, 36, 0),
(677, 'ZENICA', '44.2, 17.9333', 'BASEL', '47.5574, 7.5926', 0, 60, 0),
(678, 'GORNJI VAKUF', '43.9375, 17.588', 'MAKARSKA', '43.2937, 17.0215', 0, 75, 0),
(679, 'PRNJAVOR', '44.8667, 17.65', 'BREGENZ', '47.5008, 9.7423', 0, 22, 0);
INSERT INTO `relacija` (`rID`, `od`, `odLatLng`, `do`, `doLatLng`, `cijena`, `agencija`, `tipAutobusa`) VALUES
(680, 'SANSKI MOST', '44.7667, 16.6667', 'AMSTERDAM', '52.3702, 4.8952', 0, 10, 0),
(681, 'TESLIc', '44.6019, 17.8514', 'TRENTO', '46.0701, 46.0701', 0, 20, 0),
(682, 'TUZLA', '44.5328, 18.6705', 'KEHL', '48.5789, 7.8161', 0, 28, 0),
(683, 'BUGOJNO', '44.0536, 17.4374', 'METKOVIc', '43.0533, 17.6493', 0, 75, 0),
(684, 'BUGOJNO', '44.0536, 17.4374', 'STON', '42.8386, 17.6963', 0, 75, 0),
(685, 'SARAJEVO', '43.84864, 18.3564', 'MARIBOR', '46.5546, 15.6458', 0, 64, 0),
(686, 'TESLIc', '44.6019, 17.8514', 'FRANKFURT', '50.1109, 8.6821', 0, 17, 9),
(687, 'SARAJEVO', '43.84864, 18.3564', 'HAMBURG', '53.5569, 9.9946', 0, 6, 0),
(688, 'ZVORNIK', '44.3918, 19.1056', 'FRANKFURT', '50.1109, 8.6821', 0, 90, 0),
(689, 'SANSKI MOST', '44.7667, 16.6667', 'HAMM', '51.6739, 7.816', 0, 79, 0),
(690, 'KLJUc', '44.534, 16.7747', 'HAMM', '51.6739, 7.816', 0, 79, 0),
(691, 'BIJELJINA', '44.75, 19.2167', 'HERCEG NOVI', '42.453, 18.5314', 0, 21, 0),
(692, 'VLASENICA', '44.1796, 18.9448', 'BASEL', '47.5574, 7.5926', 0, 1, 10),
(693, 'KLJUc', '44.534, 16.7747', 'JESENICE', '46.4367, 14.0526', 0, 23, 0),
(694, 'PRIJEDOR', '44.979, 16.7037', 'LINZ', '48.3069, 14.2858', 0, 72, 0),
(695, 'NEUM', '42.9178, 17.6315', 'METKOVIc', '43.0533, 17.6493', 0, 75, 0),
(696, 'KLJUc', '44.534, 16.7747', 'KRANJSKA GORA', '46.4854, 13.7871', 0, 15, 0),
(697, 'SARAJEVO', '43.84864, 18.3564', 'ISTAMBUL', '41.0053, 28.977', 0, 54, 5),
(698, 'SARAJEVO', '43.84864, 18.3564', 'DURRES', '41.3271, 19.4543', 0, 77, 10),
(699, 'SARAJEVO', '43.84864, 18.3564', 'HAMM', '51.6739, 7.816', 0, 79, 0),
(700, 'SARAJEVO', '43.84864, 18.3564', 'DORTMUND', '51.5136, 7.4653', 0, 28, 0),
(701, 'STOLAC', '', 'FRANKFURT', '50.1109, 8.6821', 0, 19, 0),
(702, 'MOSTAR', '43.34235, 17.8128', 'FRIEDRICHSDORF', '50.2538, 8.6417', 0, 19, 0),
(703, 'MOSTAR', '43.34235, 17.8128', 'IMOTSKI', '43.4471, 17.214', 0, 9, 0),
(704, 'GACKO', '43.1523, 18.5306', 'DUBROVNIK', '42.6419, 18.1065', 0, 10, 0),
(705, 'TESLIc', '44.6019, 17.8514', 'KOPER', '45.5481, 13.7302', 0, 22, 0),
(706, 'SARAJEVO', '43.84864, 18.3564', 'WIEN', '48.2082, 16.3738', 0, 77, 10),
(707, 'SARAJEVO', '43.84864, 18.3564', 'EMDEN', '53.3594, 7.206', 0, 79, 0),
(708, 'SARAJEVO', '43.84864, 18.3564', 'FRANKFURT', '50.1109, 8.6821', 0, 90, 0),
(709, 'VLASENICA', '44.1796, 18.9448', 'FRANKFURT', '50.1109, 8.6821', 0, 90, 0),
(710, 'PALE', '43.8167, 18.5667', 'BEOGRAD', '44.8206, 20.4622', 0, 1, 10),
(711, 'UGLJEVIK', '44.6722, 19.0178', 'LAUSANNE', '46.52, 6.6336', 0, 1, 10),
(712, 'NOVI TRAVNIK', '44.1667, 17.65', 'FRANKFURT', '50.1109, 8.6821', 0, 90, 0),
(713, 'BANJA LUKA', '44.7722, 17.191', 'KOPER', '45.5481, 13.7302', 0, 64, 0),
(714, 'TEOcAK', '44.6025, 18.9845', 'FURSTENFELDBRUCK', '', 0, 34, 0),
(715, 'TUZLA', '44.5328, 18.6705', 'DORTMUND', '51.5136, 7.4653', 0, 1, 10),
(716, 'TUZLA', '44.5328, 18.6705', 'HAMBURG', '53.5569, 9.9946', 0, 1, 10),
(717, 'TUZLA', '44.5328, 18.6705', 'BERLIN', '52.5243, 13.4063', 0, 1, 10),
(718, 'SANSKI MOST', '44.7667, 16.6667', 'LAUSANNE', '46.52, 6.6336', 0, 10, 0),
(719, 'cAPLJINA', '43.1125, 17.7146', 'BERN', '46.9479, 7.4446', 0, 10, 0),
(720, 'SARAJEVO', '43.84864, 18.3564', 'DORTMUND', '51.5136, 7.4653', 0, 17, 9),
(721, 'CAZIN', '44.9667, 15.9333', 'BIOGRAD NA MORU', '43.9373, 15.4436', 0, 3, 0),
(722, 'CAZIN', '44.9667, 15.9333', 'BIOGRAD NA MORU', '43.9373, 15.4436', 0, 3, 0),
(723, 'TOMISLAVGRAD', '43.7187, 17.2236', 'ZAGREB', '45.8149, 15.9785', 0, 10, 0),
(724, 'BANJA LUKA', '44.7722, 17.191', 'LINZ', '48.3069, 14.2858', 0, 7, 0),
(725, 'TESLIc', '44.6019, 17.8514', 'TRAUN', '48.2212, 14.2371', 0, 7, 0),
(726, 'BANJA LUKA', '44.7722, 17.191', 'WIEN', '48.2082, 16.3738', 0, 21, 0),
(727, 'SARAJEVO', '43.84864, 18.3564', 'HAMBURG', '53.5569, 9.9946', 0, 6, 0),
(728, 'TESLIc', '44.6019, 17.8514', 'LINZ', '48.3069, 14.2858', 0, 7, 0),
(729, 'BANJA LUKA', '44.7722, 17.191', 'LINZ', '48.3069, 14.2858', 0, 7, 0),
(730, 'TESLIc', '44.6019, 17.8514', 'LINZ', '48.3069, 14.2858', 0, 7, 0),
(731, 'sIPOVO', '44.2837, 17.0878', 'WIEN', '48.2082, 16.3738', 0, 7, 0),
(732, 'cAPLJINA ', '43.1125, 17.7146', 'FRANKFURT', '50.1109, 8.6821', 0, 58, 0),
(733, 'SARAJEVO', '43.84864, 18.3564', 'BERLIN', '52.5243, 13.4063', 0, 28, 0),
(734, 'GORNJI VAKUF', '43.9375, 17.588', 'VOCKLABRUCK', '48.0033, 13.6561', 0, 84, 0),
(735, 'BIJELJINA', '44.75, 19.2167', 'PETROVAC', '42.2056, 18.9425', 0, 43, 0),
(736, 'SARAJEVO', '43.84864, 18.3564', 'EMDEN', '53.3594, 7.206', 0, 79, 0),
(737, 'SARAJEVO', '43.84864, 18.3564', 'EMDEN', '53.3594, 7.206', 0, 79, 0),
(738, 'SARAJEVO', '43.84864, 18.3564', 'EMDEN', '53.3594, 7.206', 0, 79, 0),
(739, 'SARAJEVO', '43.84864, 18.3564', 'EMDEN', '53.3594, 7.206', 0, 79, 0),
(740, 'SARAJEVO', '43.84864, 18.3564', 'ISTANBUL', '41.0053, 28.977', 0, 87, 0),
(741, 'UGLJEVIK', '44.6722, 19.0178', 'BREGENZ', '47.5008, 9.7423', 0, 1, 10),
(742, 'UGLJEVIK', '44.6722, 19.0178', 'GENEVE', '46.1984, 6.1423', 0, 1, 10),
(743, 'SARAJEVO', '43.84864, 18.3564', 'ISTANBUL', '41.0053, 28.977', 0, 28, 0),
(744, 'MEdjUGORJE', '43.2, 17.6833', 'PARIS', '48.8566, 2.3522', 0, 10, 0),
(745, 'cAPLJINA', '43.1125, 17.7146', 'RIJEKA', '45.3285, 14.4364', 0, 10, 0),
(746, 'cAPLJINA', '43.1125, 17.7146', 'TORINO', '45.0703, 7.6869', 0, 10, 0),
(747, 'cAPLJINA', '43.1125, 17.7146', 'BRATISLAVA', '48.1462, 17.1073', 0, 10, 0),
(748, 'SARAJEVO', '43.84864, 18.3564', 'GOSTIVAR', '41.8009, 20.9142', 0, 18, 4),
(749, 'ZVORNIK', '44.3918, 19.1056', 'FRANKFURT AM MAIN', '50.1109, 8.6821', 0, 17, 9),
(750, 'PELAGIcEVO', '44.9108, 18.611', 'WIEN', '48.2082, 16.3738', 60, 4, 0),
(751, 'VITEZ', '44.4437, 18.1451', 'BASEL', '47.5574, 7.5926', 0, 54, 5),
(752, 'SARAJEVO', '43.84864, 18.3564', 'PRIJEPOLJE', '43.3907, 19.6425', 0, 20, 0),
(753, 'BIJELJINA', '44.75, 19.2167', 'FURTH', '49.4654, 10.9955', 0, 43, 0),
(754, 'ZVORNIK', '44.3918, 19.1056', 'WELS', '48.1654, 14.0366', 0, 4, 0),
(755, 'SARAJEVO', '43.84864, 18.3564', 'DUBROVNIK', '42.6419, 18.1065', 0, 77, 10),
(756, 'SARAJEVO', '43.84864, 18.3564', 'PULA', '44.8697, 13.8414', 0, 77, 10),
(757, 'SARAJEVO', '43.84864, 18.3564', 'PULA', '44.8697, 13.8414', 0, 77, 10),
(758, 'SARAJEVO', '43.84864, 18.3564', 'VELA LUKA', '42.9592, 16.7191', 0, 77, 10),
(759, 'BUSOVAcA ', '', 'HAMBURG', '53.5569, 9.9946', 0, 6, 0),
(760, 'ZVORNIK', '44.3918, 19.1056', 'FURTH', '49.4654, 10.9955', 0, 43, 0),
(761, 'SARAJEVO', '43.84864, 18.3564', 'BREMEN', '53.0848, 8.8208', 0, 77, 10),
(762, 'SARAJEVO', '43.84864, 18.3564', 'BREMEN', '53.0848, 8.8208', 0, 77, 10),
(763, 'ZVORNIK', '44.3918, 19.1056', 'TRIER', '49.7469, 6.6348', 0, 90, 0),
(764, 'ZVORNIK', '44.3918, 19.1056', 'TRIER', '49.7469, 6.6348', 0, 90, 0),
(765, 'ZVORNIK', '44.3918, 19.1056', 'HAMM', '51.6739, 7.816', 0, 90, 0),
(766, 'SARAJEVO', '43.84864, 18.3564', 'AMSTERDAM', '52.3702, 4.8952', 0, 54, 5),
(767, 'ZVORNIK', '44.3918, 19.1056', 'FRANKFURT', '50.1109, 8.6821', 0, 90, 0),
(768, 'ZVORNIK', '44.3918, 19.1056', 'TRIER', '49.7469, 6.6348', 0, 90, 0),
(769, 'NOVI GRAD ', '45.0455, 16.3845', 'BEOGRAD', '44.8206, 20.4622', 0, 65, 0),
(770, 'BIJELJINA', '44.75, 19.2167', 'WIEN', '48.2082, 16.3738', 60, 4, 0),
(771, 'MODRIcA', '44.9567, 18.2984', 'ULCINJ', '41.9297, 19.22438', 0, 4, 0),
(772, 'TUZLA', '44.5328, 18.6705', 'HAMBURG', '53.5569, 9.9946', 89, 1, 10),
(774, 'KALESIJA', '44.4388, 18.9124', 'MARIBOR', '46.5546, 15.6458', 0, 42, 0),
(775, 'zIVINICE', '44.4466, 18.651', 'MARIBOR', '46.5546, 15.6458', 0, 42, 0),
(776, 'MOSTAR', '43.34235, 17.8128', 'IMOTSKI', '43.4471, 17.214', 0, 9, 0),
(777, 'MOSTAR', '43.34235, 17.8128', 'IMOTSKI', '43.4471, 17.214', 0, 9, 0),
(778, 'MOSTAR', '43.34235, 17.8128', 'IMOTSKI', '43.4471, 17.214', 0, 9, 0),
(779, 'cAPLJINA', '43.1125, 17.7146', 'IMOTSKI', '43.4471, 17.214', 0, 9, 0),
(780, 'cAPLJINA', '43.1125, 17.7146', 'IMOTSKI', '43.4471, 17.214', 0, 9, 0),
(781, 'SARAJEVO', '43.84864, 18.3564', 'HAMBURG', '53.5569, 9.9946', 0, 28, 0),
(782, 'zIVINICE', '44.4466, 18.651', 'LINZ', '48.3069, 14.2858', 0, 42, 0),
(783, 'BIJELJINA', '44.75, 19.2167', 'MARIBOR', '46.5546, 15.6458', 0, 42, 0),
(784, 'SARAJEVO', '43.84864, 18.3564', 'GOSTIVAR', '41.8009, 20.9142', 0, 77, 10),
(785, 'MOSTAR', '43.34235, 17.8128', 'FRIEDRICHSDORF', '50.2538, 8.6417', 0, 19, 0),
(786, 'VELIKA KLADUsA', '45.1838, 15.8065', 'BIOGRAD NA MORU', '43.9373, 15.4436', 0, 72, 0),
(787, 'ZENICA', '44.2, 17.9333', 'SLOVENJ GRADEC', '46.5076, 15.0768', 0, 87, 0),
(788, 'SAPNA', '44.4934, 19.0002', 'LIEZEN', '47.5674, 14.2432', 0, 44, 0),
(789, 'KALESIJA', '44.4388, 18.9124', 'WELS', '48.1654, 14.0366', 0, 44, 0),
(790, 'SAPNA', '44.4934, 19.0002', 'LIEZEN', '47.5674, 14.2432', 0, 44, 0),
(791, 'ISTOcNO SARAJEVO', '43.7969, 18.4253', 'MILANO', '45.4654, 9.1859', 0, 54, 5),
(792, 'SARAJEVO', '43.84864, 18.3564', 'BERANE', '42.845, 19.8744', 0, 77, 10),
(793, 'SARAJEVO', '43.84864, 18.3564', 'BERANE', '42.845, 19.8744', 0, 77, 10),
(794, 'SARAJEVO', '43.84864, 18.3564', 'IVANcNA GORICA', '45.9186489, 14.7956554', 0, 20, 0),
(795, 'ZVORNIK', '44.3918, 19.1056', 'IVANcNA GORICA', '45.9186489, 14.7956554', 0, 20, 0),
(796, 'UGLJEVIK', '44.6722, 19.0178', 'GOLING AN DER SALZACH', '47.5997, 13.1683', 0, 1, 10),
(798, 'SARAJEVO', '43.84864, 18.3564', 'BASEL', '47.5574, 7.5926', 0, 54, 5),
(799, 'SAPNA ', '44.4934, 19.0002', 'DORTMUND', '51.5136, 7.4653', 0, 68, 0),
(800, 'SARAJEVO', '43.84864, 18.3564', 'BUDIMPEsTA', '47.4984, 19.0408', 0, 54, 5),
(801, 'BIJELJINA', '44.75, 19.2167', 'NOVA GRADIsKA', '45.2581, 17.3839', 0, 11, 0),
(802, 'ZVORNIK', '44.3918, 19.1056', 'LINZ', '48.3069, 14.2858', 0, 42, 0),
(803, 'KALESIJA', '44.4388, 18.9124', 'WOLFSBERG', '46.8401, 14.8428', 0, 42, 0),
(804, 'MOSTAR', '43.34235, 17.8128', 'ISTANBUL', '41.0053, 28.977', 0, 90, 0),
(805, 'MOSTAR', '43.34235, 17.8128', 'SALZBURG', '47.8095, 13.055', 0, 10, 0),
(806, 'SARAJEVO', '43.84864, 18.3564', 'ANTWERPEN', '51.2192, 4.4029', 0, 77, 10),
(807, 'SARAJEVO', '43.84864, 18.3564', 'AMSTERDAM', '52.3702, 4.8952', 0, 54, 5),
(808, 'SARAJEVO', '43.84864, 18.3564', 'GRONINGEN', '53.2192, 6.5754', 0, 77, 10),
(809, 'ZVORNIK', '44.3918, 19.1056', 'PARIS', '48.8566, 2.3522', 0, 68, 0),
(810, 'ZVORNIK', '44.3918, 19.1056', 'SPITTAL', '55.7578, -1.9942', 0, 44, 0),
(811, 'DOBOJ', '44.7408, 18.093', 'SALZBURG', '47.8095, 13.055', 0, 91, 0),
(812, 'LOPARE', '44.6333, 18.85', 'TULLN AN DER DONAU', '48.3316, 16.0607', 0, 17, 9),
(813, 'ZVORNIK', '44.3918, 19.1056', 'BASEL', '47.5574, 7.5926', 0, 4, 0),
(814, 'ZVORNIK', '44.3918, 19.1056', 'BASEL', '47.5574, 7.5926', 0, 4, 0),
(815, 'ZAVIDOVIcI', '44.4437, 18.1451', 'DORTMUND', '51.5136, 7.4653', 0, 18, 4),
(816, 'SARAJEVO', '43.84864, 18.3564', 'KUTINA', '45.4792, 16.7763', 0, 54, 5),
(817, 'SARAJEVO', '43.84864, 18.3564', 'KUTINA', '45.4792, 16.7763', 0, 54, 5),
(818, 'ORAsJE', '44.9786, 18.7275', 'DUBROVNIK', '42.6419, 18.1065', 70, 1, 10),
(819, 'ZVORNIK', '44.3918, 19.1056', 'VILLACH', '46.6086, 13.8506', 0, 68, 0),
(820, 'TUZLA', '44.5328, 18.6705', 'VELENJE', '46.3623, 15.1107', 0, 20, 0),
(821, 'DOBOJ', '44.7408, 18.093', 'VELENJE', '46.3623, 15.1107', 0, 20, 0),
(822, 'SARAJEVO', '43.84864, 18.3564', 'ISTANBUL', '41.0053, 28.977', 0, 77, 10),
(823, 'ZVORNIK', '44.3918, 19.1056', 'WIEN', '48.2082, 16.3738', 60, 4, 0),
(824, 'SARAJEVO', '43.84864, 18.3564', 'IZOLA', '45.5374, 13.6601', 0, 87, 0),
(825, 'cAPLJINA', '43.1125, 17.7146', 'IMOTSKI', '43.4471, 17.214', 0, 9, 0),
(826, 'SARAJEVO', '43.84864, 18.3564', 'NOVA GRADIsKA', '45.2581, 17.3839', 0, 11, 0),
(827, 'TUZLA', '44.5328, 18.6705', 'NOVA GRADIsKA', '45.2581, 17.3839', 0, 11, 0),
(828, 'ZENICA', '44.2, 17.9333', 'KUTINA', '45.4792, 16.7763', 0, 54, 5),
(829, 'ZENICA', '44.2, 17.9333', 'KUTINA', '45.4792, 16.7763', 0, 54, 5),
(830, 'BIHAc', '44.8167, 15.8667', 'DORTMUND', '51.5136, 7.4653', 0, 77, 10),
(831, 'NEUM', '42.9178, 17.6315', 'DUBROVNIK', '42.6419, 18.1065', 0, 10, 0),
(832, 'NEUM', '42.9178, 17.6315', 'DUBROVNIK', '42.6419, 18.1065', 0, 10, 0),
(833, 'NEUM', '42.9178, 17.6315', 'DUBROVNIK', '42.6419, 18.1065', 0, 10, 0),
(834, 'NEUM', '42.9178, 17.6315', 'DUBROVNIK', '42.6419, 18.1065', 0, 10, 0),
(835, 'SARAJEVO', '43.84864, 18.3564', 'SLAVONSKI BROD', '45.1631, 18.0116', 0, 10, 0),
(836, 'TUZLA', '44.5328, 18.6705', 'SLAVONSKI BROD', '45.1631, 18.0116', 0, 10, 0),
(837, 'NEUM', '42.9178, 17.6315', 'ZAGREB', '45.8149, 15.9785', 0, 10, 0),
(838, 'NEUM', '42.9178, 17.6315', 'ZAGREB', '45.8149, 15.9785', 0, 10, 0),
(839, 'NEUM', '42.9178, 17.6315', 'ZAGREB', '45.8149, 15.9785', 0, 10, 0),
(840, 'SARAJEVO', '43.84864, 18.3564', 'zUPANJA', '45.0721, 18.6945', 0, 10, 0),
(841, 'PRIJEDOR', '44.979, 16.7037', 'WIEN', '48.2082, 16.3738', 0, 25, 0),
(842, 'cAPLJINA', '43.1125, 17.7146', 'DORTMUND', '51.5136, 7.4653', 0, 77, 10),
(843, 'ZAVIDOVIcI', '44.4437, 18.1451', 'FRANKFURT AM MAIN', '50.1109, 8.6821', 0, 18, 4),
(844, 'SARAJEVO', '43.84864, 18.3564', 'KUTINA', '45.4792, 16.7763', 0, 54, 5),
(845, 'SARAJEVO', '43.84864, 18.3564', 'KUTINA', '45.4792, 16.7763', 0, 54, 5),
(846, 'SARAJEVO', '43.84864, 18.3564', 'KUTINA', '45.4792, 16.7763', 0, 54, 5),
(847, 'SARAJEVO', '43.84864, 18.3564', 'KUTINA', '45.4792, 16.7763', 0, 54, 5),
(848, 'SARAJEVO', '43.84864, 18.3564', 'KUTINA', '45.4792, 16.7763', 0, 54, 5),
(849, 'GORNJI VAKUF', '43.9375, 17.588', 'LINZ', '48.3069, 14.2858', 0, 80, 0),
(850, 'PRIJEDOR', '44.979, 16.7037', 'BASEL', '47.5574, 7.5926', 0, 85, 0),
(851, 'TREBINJE', '42.7112, 18.3425', 'WIEN', '48.2082, 16.3738', 0, 10, 0),
(852, 'NEUM', '42.9178, 17.6315', 'DUBROVNIK', '42.6419, 18.1065', 0, 10, 0),
(853, 'NEUM', '42.9178, 17.6315', 'DUBROVNIK', '42.6419, 18.1065', 0, 10, 0),
(854, 'NEUM', '42.9178, 17.6315', 'DUBROVNIK', '42.6419, 18.1065', 0, 10, 0),
(855, 'NEUM', '42.9178, 17.6315', 'DUBROVNIK', '42.6419, 18.1065', 0, 10, 0),
(856, 'SARAJEVO', '43.84864, 18.3564', 'SLAVONSKI BROD', '45.1631, 18.0116', 0, 10, 0),
(857, 'NEUM', '42.9178, 17.6315', 'SPLIT', '43.5081, 16.4402', 0, 10, 0),
(858, 'NEUM', '42.9178, 17.6315', 'SPLIT', '43.5081, 16.4402', 0, 10, 0),
(859, 'NEUM', '42.9178, 17.6315', 'SPLIT', '43.5081, 16.4402', 0, 10, 0),
(860, 'NEUM', '42.9178, 17.6315', 'SPLIT', '43.5081, 16.4402', 0, 10, 0),
(861, 'NEUM', '42.9178, 17.6315', 'ZAGREB', '45.8149, 15.9785', 0, 10, 0),
(862, 'BANJA LUKA ', '44.7722, 17.191', 'SPLIT', '43.5081, 16.4402', 0, 32, 0),
(863, 'MEdjUGORJE', '43.2, 17.6833', 'NOVI SAD', '45.2622, 19.8519', 0, 10, 0),
(864, 'TESLIc', '44.6019, 17.8514', 'KOPER', '45.5481, 13.7302', 0, 18, 4),
(865, 'SARAJEVO', '43.84864, 18.3564', 'GOSTIVAR', '41.8009, 20.9142', 0, 92, 0),
(866, 'ZVORNIK', '44.3918, 19.1056', 'PADERBORN', '51.7189, 8.7575', 0, 68, 0),
(867, 'SARAJEVO', '43.84864, 18.3564', 'LINZ', '48.3069, 14.2858', 0, 36, 0),
(868, 'ZVORNIK', '44.3918, 19.1056', 'LINZ', '48.3069, 14.2858', 0, 4, 0),
(869, 'BIHAc', '44.8167, 15.8667', 'LINZ', '48.3069, 14.2858', 0, 81, 0),
(870, 'MODRIcA', '44.9567, 18.2984', 'ULCINJ', '41.9297, 19.22438', 0, 4, 0),
(871, 'VAREs', '44.1498, 18.3285', 'FRANKFURT', '50.1109, 8.6821', 0, 23, 0),
(872, 'MOSTAR', '43.34235, 17.8128', 'DUBROVNIK', '42.6419, 18.1065', 0, 10, 0),
(873, 'GRAcANICA', '44.6989, 18.3057', 'WIEN', '48.2082, 16.3738', 0, 20, 0),
(874, 'PRNJAVOR', '44.8667, 17.65', 'FRANKFURT', '50.1109, 8.6821', 0, 67, 0),
(875, 'cAPLJINA', '43.1125, 17.7146', 'NOVA GRADIsKA', '45.2581, 17.3839', 0, 10, 0),
(876, 'cAPLJINA', '43.1125, 17.7146', 'ZAGREB', '45.8149, 15.9785', 0, 10, 0),
(877, 'LIVNO', '43.8264, 17.0104', 'NOVA GRADIsKA', '45.2581, 17.3839', 0, 10, 0),
(878, 'MOSTAR', '43.34235, 17.8128', 'SPLIT', '43.5081, 16.4402', 0, 10, 0),
(879, 'MOSTAR', '43.34235, 17.8128', 'SPLIT', '43.5081, 16.4402', 0, 10, 0),
(880, 'MOSTAR', '43.34235, 17.8128', 'ZADAR', '44.1149, 15.229', 0, 10, 0),
(881, 'MOSTAR', '43.34235, 17.8128', 'ZADAR', '44.1149, 15.229', 0, 10, 0),
(882, 'MOSTAR', '43.34235, 17.8128', 'ZADAR', '44.1149, 15.229', 0, 10, 0),
(883, 'MOSTAR', '43.34235, 17.8128', 'ZADAR', '44.1149, 15.229', 0, 10, 0),
(884, 'MOSTAR', '43.34235, 17.8128', 'ZADAR', '44.1149, 15.229', 0, 10, 0),
(885, 'MOSTAR', '43.34235, 17.8128', 'ZADAR', '44.1149, 15.229', 0, 10, 0),
(886, 'TREBINJE', '42.7112, 18.3425', 'DUBROVNIK', '42.6419, 18.1065', 0, 10, 0),
(887, 'TREBINJE', '42.7112, 18.3425', 'DUBROVNIK', '42.6419, 18.1065', 0, 10, 0),
(888, 'TREBINJE', '42.7112, 18.3425', 'DUBROVNIK', '42.6419, 18.1065', 0, 10, 0),
(889, 'TREBINJE', '42.7112, 18.3425', 'DUBROVNIK', '42.6419, 18.1065', 0, 10, 0),
(890, 'TUZLA', '44.5328, 18.6705', 'KRAPINA', '46.1605, 15.8724', 0, 10, 0),
(891, 'TOMISLAVGRAD', '43.7187, 17.2236', 'MAKARSKA', '43.2937, 17.0215', 0, 12, 0),
(892, 'DOBOJ', '44.7408, 18.093', 'BUDVA', '42.2881, 18.8425', 0, 20, 0),
(893, 'DOBOJ', '44.7408, 18.093', 'BUDVA', '42.2881, 18.8425', 59, 1, 10),
(894, 'STANARI', '44.7451, 17.8278', 'BUDVA', '42.2881, 18.8425', 0, 1, 10),
(895, 'NOVI TRAVNIK', '44.1667, 17.65', 'KOLN', '50.9581, 6.9204', 0, 11, 0),
(896, 'NOVI TRAVNIK', '44.1667, 17.65', 'KOLN', '50.9581, 6.9204', 0, 11, 0),
(897, 'NOVI TRAVNIK', '44.1667, 17.65', 'FRANKFURT', '50.1109, 8.6821', 0, 11, 0),
(898, 'TRAVNIK', '44.2223, 17.6651', 'FRANKFURT', '50.1109, 8.6821', 0, 11, 0),
(899, 'BUGOJNO', '44.0536, 17.4374', 'WIEN', '48.2082, 16.3738', 0, 36, 0),
(900, 'SARAJEVO', '43.84864, 18.3564', 'BOLOGNA', '44.4949, 11.3426', 0, 77, 10),
(901, 'ZVORNIK', '44.3918, 19.1056', 'SALZBURG', '47.8095, 13.055', 0, 42, 0),
(902, 'ZVORNIK', '44.3918, 19.1056', 'SALZBURG', '47.8095, 13.055', 0, 42, 0),
(903, 'BANJA LUKA', '44.7722, 17.191', 'ULCINJ', '41.9297, 19.22438', 0, 21, 0),
(904, 'BANJA LUKA', '44.7722, 17.191', 'HERCEG NOVI', '42.453, 18.5314', 0, 21, 0),
(905, 'KLJUc', '44.534, 16.7747', 'KRANJSKA GORA', '46.4854, 13.7871', 0, 15, 0),
(906, 'MOSTAR', '43.34235, 17.8128', 'ZADAR', '44.1149, 15.229', 0, 10, 0),
(907, 'DOBOJ', '44.7408, 18.093', 'ULCINJ', '41.9297, 19.22438', 0, 20, 0),
(908, 'PRNJAVOR', '44.8667, 17.65', 'BREGENZ', '47.5008, 9.7423', 0, 45, 0),
(909, 'ZVORNIK', '44.3918, 19.1056', 'AACHEN', '50.7733, 6.1021', 0, 90, 0),
(910, 'ZVORNIK', '44.3918, 19.1056', 'TRIER', '49.7469, 6.6348', 0, 90, 0),
(911, 'CAZIN', '44.9667, 15.9333', 'KARLOVAC', '45.4929, 15.5553', 0, 10, 0),
(912, 'TREBINJE', '42.7112, 18.3425', 'SPLIT', '43.5081, 16.4402', 0, 10, 0);

-- --------------------------------------------------------

--
-- Table structure for table `stanica`
--

CREATE TABLE `stanica` (
  `sID` int(11) NOT NULL,
  `mjesto` varchar(255) DEFAULT NULL,
  `latlng` varchar(255) DEFAULT NULL,
  `adresa` varchar(255) DEFAULT NULL,
  `telefon` varchar(255) DEFAULT NULL,
  `tip` enum('gradsko','prigradsko') DEFAULT NULL,
  `natkriveno` tinyint(4) DEFAULT NULL,
  `slika` varchar(255) DEFAULT NULL
) ENGINE=InnoDB DEFAULT CHARSET=utf8;

--
-- Dumping data for table `stanica`
--

INSERT INTO `stanica` (`sID`, `mjesto`, `latlng`, `adresa`, `telefon`, `tip`, `natkriveno`, `slika`) VALUES
(3, 'BRATUNAC', '44.183112, 19.328655', '', '056 410-737', 'prigradsko', NULL, NULL),
(6, 'LONcARI', '44.9408, 18.6856', '', '', 'prigradsko', NULL, NULL),
(10, 'LJUBUsKI ', '43.198253, 17.549273', 'Tina Ujevia, Ljubuki', '039 831-991', 'gradsko', NULL, NULL),
(13, 'sIPOVO', '44.280293, 17.087664', 'Karaoreva, ipovo 70270', '050 371-000', 'prigradsko', 1, 'images/stanice/SIPOVO.jpg'),
(15, 'NOVI TRAVNIK', '44.1667, 17.65', '', '', 'prigradsko', NULL, NULL),
(18, 'zEPcE', '44.422636, 18.039964', '', '032 882-356', 'gradsko', 1, 'images/stanice/ZEPCE.jpg'),
(19, 'DOBOJ', '44.727726, 18.090599', 'Svetog Save, Doboj 74000', '053 241-399', 'gradsko', 1, 'images/stanice/DOBOJ.jpg'),
(23, 'PROZOR/RAMA', '43.82, 17.61', '', '', 'prigradsko', NULL, NULL),
(25, 'GORNJI VAKUF/ USKOPLJE', '43.931586, 17.577079', 'Vrbaska, Gornji Vakuf-Uskoplje', '030 494-092', 'gradsko', NULL, NULL),
(27, 'BUGOJNO', '44.055892, 17.446270', '', '030 251-490', 'gradsko', 1, 'images/stanice/BUGOJNO.jpg'),
(42, 'TESLIc', '44.609301, 17.859248', '', '053 430-611', 'gradsko', NULL, NULL),
(48, 'PALE', '43.813844, 18.566031', 'Nikole Tesle, Pale 71240', '057 222-900', 'prigradsko', 1, 'images/stanice/PALE.jpg'),
(52, 'PRNJAVOR', '44.8667, 17.65', '', '', 'prigradsko', 1, 'images/stanice/PRNJAVOR.jpg'),
(78, 'LJUBINJE', '42.9415, 18.0838', '', '', 'gradsko', NULL, NULL),
(79, 'DOBOJ ISTOK', '44.7311, 18.1911', '', '', 'prigradsko', NULL, NULL),
(85, 'KOTOR VAROs', '44.6335, 17.3663', '', '', 'gradsko', 1, 'images/stanice/KOTOR VAROS.jpg'),
(102, 'KONJIC', '43.654458, 17.958047', 'Kolonija 5, Konjic 88400', '', 'gradsko', NULL, NULL),
(104, 'NOVI GRAD/ BOSANSKI NOVI', '45.0455, 16.3845', '', '', 'gradsko', NULL, NULL),
(115, 'GORAzDE', '43.6685, 18.9749', '73000,, Gorade 73000', '', 'gradsko', 1, 'images/stanice/GORAZDE.png'),
(127, 'SREBRENICA', '44.1114, 19.3155', '', '056 440-800', 'gradsko', 1, 'images/stanice/SREBRENICA.jpg'),
(160, 'LUKAVAC', '44.533370, 18.534009', 'Lukavakih brigada, Lukavac', '', 'prigradsko', 1, 'images/stanice/LUKAVAC.jpg'),
(208, 'MILIcI', '44.1686, 19.0996', 'M19, Milii', '', 'prigradsko', 1, 'images/stanice/MILICI.jpg'),
(228, 'DONJI VAKUF', '44.1441, 17.401', '770. slavne brdske brigade, Donji Vakuf 70220', '030 201-560', 'prigradsko', 1, 'images/stanice/DONJI VAKUF.jpg'),
(253, 'BROD/BOSANSKI BROD', '45.147122, 18.003995', 'Cara Duana, Brod', '053 612-080', 'gradsko', NULL, NULL),
(258, 'GORNJI VAKUF', '43.9375, 17.588', 'Vrbaska, Gornji Vakuf-Uskoplje', '030 494-092', 'prigradsko', 1, 'images/stanice/GORNJI VAKUF.jpg'),
(260, 'SANSKI MOST', '44.764979, 16.671845', 'Bulevar VII korpusa, Sanski Most 79260', '037 686-304', 'gradsko', 1, 'images/stanice/SANSKI MOST.jpg'),
(261, 'VITEZ', '44.153204, 17.792109', 'Kralja Tvrtka, Vitez', '030 711-577', 'prigradsko', NULL, NULL),
(263, 'BANJA LUKA', '44.788588, 17.210109', 'Brae Podgornika, Banja Luka 78000', '051 922-000', 'gradsko', 1, 'images/stanice/BANJA LUKA.jpg'),
(264, 'ZENICA', '44.209088, 17.912682', 'Bulevar Kralja Tvrtka I, Zenica 72000', '032 241-253', 'gradsko', 1, 'images/stanice/ZENICA.jpg'),
(272, 'ISTOcNO SARAJEVO', '43.823632, 18.356276', 'Srpskih vladara 2, Lukavica 71123', '057 317-377', 'gradsko', 1, 'images/stanice/ISTOCNO SARAJEVO.jpg'),
(279, 'GRADIsKA', '45.143406, 17.254248', 'Vuka Karadia, Gradika', '051 813-500', 'prigradsko', 1, 'images/stanice/GRADISKA.jpg'),
(280, 'BIHAc', '44.814166, 15.878508', 'Put Armije Republike Bosne i Hercegovine & Put Armije Republike Bosne i, Hercegovine, Biha 77000', '037 311-939', 'gradsko', 1, 'images/stanice/BIHAC.jpg'),
(289, 'DRVAR', '44.3685, 16.3976', '', '', 'prigradsko', NULL, NULL),
(296, 'sEKOVIcI', '44.3, 18.85', '', '', 'prigradsko', NULL, NULL),
(309, 'KLJUc', '44.534, 16.7747', '', '', 'gradsko', NULL, NULL),
(314, 'BOSANSKI sAMAC', '44.9811, 18.4797', '', '', 'prigradsko', NULL, NULL),
(315, 'TRAVNIK', '44.227250, 17.657352', 'Stanina, Travnik 72270', '030 511-889', 'gradsko', 1, 'images/stanice/TRAVNIK.png'),
(402, 'DERVENTA', '44.983479, 17.910627', 'Milovana Bjeloevia Belog bb, Derventa 74400', '053 333-499', 'gradsko', 1, 'images/stanice/DERVENTA.jpg'),
(420, 'MRKONJIc GRAD', '44.412691, 17.082521', 'Sportska, Mrkonji Grad 70260', '050 211-093', 'gradsko', 1, 'images/stanice/MRKONJIC GRAD.jpg'),
(515, 'TREBINJE', '42.707163, 18.341772', 'Vojvode Stepe Stepanovia, Trebinje 89101', '', 'gradsko', 1, 'images/stanice/TREBINJE.jpg'),
(521, 'cAPLJINA', '43.110414, 17.698433', 'Slivija Stahimira Kranjevia, apljina', '036 806-671', 'gradsko', NULL, NULL),
(525, 'BOSANSKA GRADIsKA', '45.1421, 17.2529', '', '', 'prigradsko', 1, 'images/stanice/BOSANSKA GRADISKA.jpg'),
(527, 'GACKO', '43.165804, 18.534955', '', '', 'gradsko', NULL, NULL),
(533, 'PRIJEDOR', '44.979816, 16.714137', 'Petra Petrovia Njegoa, Prijedor 79000', ' 052 240-150', 'gradsko', 1, 'images/stanice/PRIJEDOR.jpg'),
(534, 'TEOcAK', '44.6025, 18.9845', '', '', 'prigradsko', NULL, NULL),
(535, 'sIROKI BRIJEG', '43.3667, 17.5833', '', '', 'gradsko', NULL, NULL),
(536, 'MEdjUGORJE', '43.195382, 17.678517', 'Linjaine, Meugorje', '036 651-593', 'gradsko', 1, 'images/stanice/MEDJUGORJE.jpg'),
(549, 'BRcKO', '44.866221, 18.804624', '', '049 360-125', 'gradsko', 1, 'images/stanice/BRCKO.PNG'),
(566, 'VLASENICA', '44.183698, 18.941626', '', '056 731-743', 'prigradsko', NULL, NULL),
(569, 'NEUM', '42.9178, 17.6315', '', '', 'gradsko', NULL, NULL),
(576, 'TOMISLAVGRAD', '43.717140, 17.232034', ' Kralja Zvonimira, Tomislavgrad 80240', '034 352-092', 'prigradsko', 1, 'images/stanice/TOMISLAVGRAD.jpg'),
(597, 'CAZIN', '44.964982, 15.923473', 'Hasana Mujezinovia, Cazin', '037 514-318', 'gradsko', NULL, NULL),
(611, 'JAJCE', '44.337127, 17.268383', '', '030 658-047', 'gradsko', 1, 'images/stanice/JAJCE.jpg'),
(619, 'VISOKO', '43.991161, 18.184068', 'Bosne Srebrene, Visoko 71300', '032 704-380', 'prigradsko', 1, 'images/stanice/VISOKO.jpg'),
(701, 'STOLAC', '43.082867, 17.952320', '', '036 854-694', 'gradsko', 1, 'images/stanice/STOLAC.jpg'),
(750, 'PELAGIcEVO', '44.9108, 18.611', '', '', 'prigradsko', NULL, NULL),
(759, 'BUSOVAcA ', '44.0975, 17.8802', '', '', 'gradsko', NULL, NULL),
(768, 'ZVORNIK', '44.385034, 19.105060', 'Svetog Save, Zvornik', '056 211-635', 'gradsko', 1, 'Mimages/stanice/ZVORNIK.png'),
(769, 'NOVI GRAD ', '45.0455, 16.3845', '', '', 'gradsko', NULL, NULL),
(770, 'BIJELJINA', '44.758288, 19.220603', 'Mee Selimovia 1, Bijeljina 76300', '055 206-134', 'gradsko', 1, 'images/stanice/BIJELJINA.jpg'),
(771, 'MODRIcA', '44.964677, 18.299755', 'Vojvode Putnika, Modria 74480', ' 053 812-621', 'prigradsko', 1, 'images/stanice/MODRICA.jpg'),
(772, 'TUZLA', '44.5328, 18.6705', '', '', 'gradsko', 1, 'images/stanice/TUZLA.jpg'),
(774, 'KALESIJA', '44.435378, 18.877073', '', '', 'prigradsko', 1, 'images/stanice/KALESIJA.jpg'),
(775, 'zIVINICE', '44.4466, 18.651', '', '', 'prigradsko', 1, 'images/stanice/ZIVINICE.jpg'),
(776, 'MOSTAR', '43.348101, 17.813349', 'Marala Tita, Mostar 88000', '036 552-025', 'gradsko', 1, 'images/stanice/MOSTAR.jpg'),
(786, 'VELIKA KLADUsA', '45.184525, 15.809014', 'Milana Pilipovia,Velika Kladua, Velika Kladua', '037 772-613', 'prigradsko', NULL, NULL),
(788, 'SAPNA', '44.4934, 19.0002', '', '', 'prigradsko', NULL, NULL),
(796, 'UGLJEVIK', '44.694519, 18.992355', 'Njegoeva 4, Ugljevik 76330', '055 772-253', 'prigradsko', NULL, NULL),
(812, 'LOPARE', '44.6333, 18.85', '', '', 'prigradsko', NULL, NULL),
(815, 'ZAVIDOVIcI', '44.4437, 18.1451', '', '', 'prigradsko', 1, 'images/stanice/ZAVIDOVICI.jpg'),
(818, 'ORAsJE', '44.9786, 18.7275', '', '', 'gradsko', NULL, NULL),
(871, 'VAREs', '44.1498, 18.3285', '', '', 'gradsko', NULL, NULL),
(873, 'GRAcANICA', '44.6989, 18.3057', '', '', 'prigradsko', NULL, NULL),
(877, 'LIVNO', '43.823662, 17.000579', 'Splitska, Livno 80101', '063 202 169', 'prigradsko', 1, 'images/stanice/LIVNO.jpg'),
(894, 'STANARI', '44.7451, 17.8278', '', '', 'prigradsko', NULL, NULL),
(913, 'SARAJEVO', '43.858945, 18.396727', 'Put ivota 8, Sarajevo 71000', '033 213-100', 'gradsko', 1, 'images/stanice/SARAJEVO.jpg');

--
-- Indexes for dumped tables
--

--
-- Indexes for table `agencija`
--
ALTER TABLE `agencija`
  ADD PRIMARY KEY (`aID`);

--
-- Indexes for table `autobus`
--
ALTER TABLE `autobus`
  ADD PRIMARY KEY (`bID`);

--
-- Indexes for table `relacija`
--
ALTER TABLE `relacija`
  ADD PRIMARY KEY (`rID`);

--
-- Indexes for table `stanica`
--
ALTER TABLE `stanica`
  ADD PRIMARY KEY (`sID`);

--
-- AUTO_INCREMENT for dumped tables
--

--
-- AUTO_INCREMENT for table `agencija`
--
ALTER TABLE `agencija`
  MODIFY `aID` int(11) NOT NULL AUTO_INCREMENT, AUTO_INCREMENT=93;

--
-- AUTO_INCREMENT for table `autobus`
--
ALTER TABLE `autobus`
  MODIFY `bID` int(11) NOT NULL AUTO_INCREMENT, AUTO_INCREMENT=11;

--
-- AUTO_INCREMENT for table `relacija`
--
ALTER TABLE `relacija`
  MODIFY `rID` int(11) NOT NULL AUTO_INCREMENT, AUTO_INCREMENT=913;

--
-- AUTO_INCREMENT for table `stanica`
--
ALTER TABLE `stanica`
  MODIFY `sID` int(11) NOT NULL AUTO_INCREMENT, AUTO_INCREMENT=914;
COMMIT;

/*!40101 SET CHARACTER_SET_CLIENT=@OLD_CHARACTER_SET_CLIENT */;
/*!40101 SET CHARACTER_SET_RESULTS=@OLD_CHARACTER_SET_RESULTS */;
/*!40101 SET COLLATION_CONNECTION=@OLD_COLLATION_CONNECTION */;
